dataset	n_taxa	height	rep	method	model	nRF	nQD	seconds	method_model
n16_h0.25_r0	16	0.25	0	meanpool	onehot	0.307692	0.328022	0.8800000000000001	meanpool__onehot
n16_h0.25_r0	16	0.25	0	meanpool	esm2_t12_35M_UR50D	0.307692	0.24011	13.219999999999999	meanpool__esm2_t12_35M_UR50D
n16_h0.25_r0	16	0.25	0	pea	onehot	0.076923	0.059341	4.09	pea__onehot
n16_h0.25_r0	16	0.25	0	pea	esm2_t12_35M_UR50D	0.153846	0.092308	15.45	pea__esm2_t12_35M_UR50D
n16_h0.25_r0	16	0.25	0	msaresid_mafft	onehot	0.076923	0.032967	2.31	msaresid_mafft__onehot
n16_h0.25_r0	16	0.25	0	msaresid_mafft	esm2_t12_35M_UR50D	0.076923	0.032967	14.53	msaresid_mafft__esm2_t12_35M_UR50D
n16_h0.25_r0	16	0.25	0	msaresid_true	onehot	0.076923	0.032967	1.23	msaresid_true__onehot
n16_h0.25_r0	16	0.25	0	msaresid_true	esm2_t12_35M_UR50D	0.153846	0.092308	13.37	msaresid_true__esm2_t12_35M_UR50D
n16_h0.25_r0	16	0.25	0	ml	none	0.0	0.0	59.339999999999996	ml__none
n16_h0.25_r0	16	0.25	0	bionj	none	0.153846	0.098901	59.339999999999996	bionj__none
n16_h0.25_r0	16	0.25	0	kmer	none	0.076923	0.032967	0.76	kmer__none
n16_h0.25_r1	16	0.25	1	meanpool	onehot	0.461538	0.362637	2.33	meanpool__onehot
n16_h0.25_r1	16	0.25	1	meanpool	esm2_t12_35M_UR50D	0.538462	0.286813	19.57	meanpool__esm2_t12_35M_UR50D
n16_h0.25_r1	16	0.25	1	pea	onehot	0.076923	0.026374	4.14	pea__onehot
n16_h0.25_r1	16	0.25	1	pea	esm2_t12_35M_UR50D	0.076923	0.026374	22.31	pea__esm2_t12_35M_UR50D
n16_h0.25_r1	16	0.25	1	msaresid_mafft	onehot	0.076923	0.026374	3.27	msaresid_mafft__onehot
n16_h0.25_r1	16	0.25	1	msaresid_mafft	esm2_t12_35M_UR50D	0.076923	0.026374	20.73	msaresid_mafft__esm2_t12_35M_UR50D
n16_h0.25_r1	16	0.25	1	msaresid_true	onehot	0.076923	0.026374	2.28	msaresid_true__onehot
n16_h0.25_r1	16	0.25	1	msaresid_true	esm2_t12_35M_UR50D	0.076923	0.026374	19.689999999999998	msaresid_true__esm2_t12_35M_UR50D
n16_h0.25_r1	16	0.25	1	ml	none	0.076923	0.026374	64.38	ml__none
n16_h0.25_r1	16	0.25	1	bionj	none	0.153846	0.033516	64.38	bionj__none
n16_h0.25_r1	16	0.25	1	kmer	none	0.076923	0.026374	0.63	kmer__none
n16_h0.25_r2	16	0.25	2	meanpool	onehot	0.384615	0.202198	4.42	meanpool__onehot
n16_h0.25_r2	16	0.25	2	meanpool	esm2_t12_35M_UR50D	0.384615	0.122527	15.25	meanpool__esm2_t12_35M_UR50D
n16_h0.25_r2	16	0.25	2	pea	onehot	0.076923	0.076923	7.279999999999999	pea__onehot
n16_h0.25_r2	16	0.25	2	pea	esm2_t12_35M_UR50D	0.153846	0.10989	16.82	pea__esm2_t12_35M_UR50D
n16_h0.25_r2	16	0.25	2	msaresid_mafft	onehot	0.076923	0.024725	3.2800000000000002	msaresid_mafft__onehot
n16_h0.25_r2	16	0.25	2	msaresid_mafft	esm2_t12_35M_UR50D	0.153846	0.10989	16.830000000000002	msaresid_mafft__esm2_t12_35M_UR50D
n16_h0.25_r2	16	0.25	2	msaresid_true	onehot	0.0	0.0	5.47	msaresid_true__onehot
n16_h0.25_r2	16	0.25	2	msaresid_true	esm2_t12_35M_UR50D	0.153846	0.10989	15.370000000000001	msaresid_true__esm2_t12_35M_UR50D
n16_h0.25_r2	16	0.25	2	ml	none	0.0	0.0	66.44	ml__none
n16_h0.25_r2	16	0.25	2	bionj	none	0.153846	0.031868	66.44	bionj__none
n16_h0.25_r2	16	0.25	2	kmer	none	0.0	0.0	0.78	kmer__none
n16_h0.25_r3	16	0.25	3	meanpool	onehot	0.461538	0.30989	1.94	meanpool__onehot
n16_h0.25_r3	16	0.25	3	meanpool	esm2_t12_35M_UR50D	0.230769	0.06044	14.8	meanpool__esm2_t12_35M_UR50D
n16_h0.25_r3	16	0.25	3	pea	onehot	0.153846	0.053297	4.14	pea__onehot
n16_h0.25_r3	16	0.25	3	pea	esm2_t12_35M_UR50D	0.153846	0.053297	18.67	pea__esm2_t12_35M_UR50D
n16_h0.25_r3	16	0.25	3	msaresid_mafft	onehot	0.153846	0.053297	4.529999999999999	msaresid_mafft__onehot
n16_h0.25_r3	16	0.25	3	msaresid_mafft	esm2_t12_35M_UR50D	0.153846	0.053297	17.180000000000003	msaresid_mafft__esm2_t12_35M_UR50D
n16_h0.25_r3	16	0.25	3	msaresid_true	onehot	0.153846	0.053297	2.27	msaresid_true__onehot
n16_h0.25_r3	16	0.25	3	msaresid_true	esm2_t12_35M_UR50D	0.153846	0.053297	15.8	msaresid_true__esm2_t12_35M_UR50D
n16_h0.25_r3	16	0.25	3	ml	none	0.153846	0.053297	67.25	ml__none
n16_h0.25_r3	16	0.25	3	bionj	none	0.384615	0.100549	67.25	bionj__none
n16_h0.25_r3	16	0.25	3	kmer	none	0.153846	0.053297	0.73	kmer__none
n16_h0.25_r4	16	0.25	4	meanpool	onehot	0.307692	0.278022	2.2800000000000002	meanpool__onehot
n16_h0.25_r4	16	0.25	4	meanpool	esm2_t12_35M_UR50D	0.461538	0.196703	14.62	meanpool__esm2_t12_35M_UR50D
n16_h0.25_r4	16	0.25	4	pea	onehot	0.076923	0.007143	3.51	pea__onehot
n16_h0.25_r4	16	0.25	4	pea	esm2_t12_35M_UR50D	0.230769	0.027473	17.22	pea__esm2_t12_35M_UR50D
n16_h0.25_r4	16	0.25	4	msaresid_mafft	onehot	0.076923	0.007143	8.25	msaresid_mafft__onehot
n16_h0.25_r4	16	0.25	4	msaresid_mafft	esm2_t12_35M_UR50D	0.230769	0.027473	21.02	msaresid_mafft__esm2_t12_35M_UR50D
n16_h0.25_r4	16	0.25	4	msaresid_true	onehot	0.076923	0.007143	3.5	msaresid_true__onehot
n16_h0.25_r4	16	0.25	4	msaresid_true	esm2_t12_35M_UR50D	0.230769	0.027473	14.66	msaresid_true__esm2_t12_35M_UR50D
n16_h0.25_r4	16	0.25	4	ml	none	0.076923	0.007143	63.269999999999996	ml__none
n16_h0.25_r4	16	0.25	4	bionj	none	0.076923	0.007143	63.269999999999996	bionj__none
n16_h0.25_r4	16	0.25	4	kmer	none	0.076923	0.007143	3.25	kmer__none
n16_h0.25_r5	16	0.25	5	meanpool	onehot	0.307692	0.160989	2.6	meanpool__onehot
n16_h0.25_r5	16	0.25	5	meanpool	esm2_t12_35M_UR50D	0.230769	0.09011	19.36	meanpool__esm2_t12_35M_UR50D
n16_h0.25_r5	16	0.25	5	pea	onehot	0.0	0.0	5.0	pea__onehot
n16_h0.25_r5	16	0.25	5	pea	esm2_t12_35M_UR50D	0.0	0.0	22.11	pea__esm2_t12_35M_UR50D
n16_h0.25_r5	16	0.25	5	msaresid_mafft	onehot	0.076923	0.007143	5.46	msaresid_mafft__onehot
n16_h0.25_r5	16	0.25	5	msaresid_mafft	esm2_t12_35M_UR50D	0.0	0.0	20.810000000000002	msaresid_mafft__esm2_t12_35M_UR50D
n16_h0.25_r5	16	0.25	5	msaresid_true	onehot	0.076923	0.007143	3.7800000000000002	msaresid_true__onehot
n16_h0.25_r5	16	0.25	5	msaresid_true	esm2_t12_35M_UR50D	0.0	0.0	19.380000000000003	msaresid_true__esm2_t12_35M_UR50D
n16_h0.25_r5	16	0.25	5	ml	none	0.076923	0.007143	47.599999999999994	ml__none
n16_h0.25_r5	16	0.25	5	bionj	none	0.0	0.0	47.599999999999994	bionj__none
n16_h0.25_r5	16	0.25	5	kmer	none	0.153846	0.029121	0.89	kmer__none
n16_h0.25_r6	16	0.25	6	meanpool	onehot	0.461538	0.16978	2.8899999999999997	meanpool__onehot
n16_h0.25_r6	16	0.25	6	meanpool	esm2_t12_35M_UR50D	0.461538	0.175824	16.400000000000002	meanpool__esm2_t12_35M_UR50D
n16_h0.25_r6	16	0.25	6	pea	onehot	0.230769	0.038462	5.2299999999999995	pea__onehot
n16_h0.25_r6	16	0.25	6	pea	esm2_t12_35M_UR50D	0.230769	0.057143	18.72	pea__esm2_t12_35M_UR50D
n16_h0.25_r6	16	0.25	6	msaresid_mafft	onehot	0.230769	0.038462	6.3	msaresid_mafft__onehot
n16_h0.25_r6	16	0.25	6	msaresid_mafft	esm2_t12_35M_UR50D	0.230769	0.057143	18.02	msaresid_mafft__esm2_t12_35M_UR50D
n16_h0.25_r6	16	0.25	6	msaresid_true	onehot	0.230769	0.038462	2.31	msaresid_true__onehot
n16_h0.25_r6	16	0.25	6	msaresid_true	esm2_t12_35M_UR50D	0.230769	0.057143	16.43	msaresid_true__esm2_t12_35M_UR50D
n16_h0.25_r6	16	0.25	6	ml	none	0.0	0.0	49.59	ml__none
n16_h0.25_r6	16	0.25	6	bionj	none	0.230769	0.038462	49.59	bionj__none
n16_h0.25_r6	16	0.25	6	kmer	none	0.230769	0.050549	0.78	kmer__none
n16_h0.25_r7	16	0.25	7	meanpool	onehot	0.230769	0.140659	2.92	meanpool__onehot
n16_h0.25_r7	16	0.25	7	meanpool	esm2_t12_35M_UR50D	0.461538	0.304945	19.21	meanpool__esm2_t12_35M_UR50D
n16_h0.25_r7	16	0.25	7	pea	onehot	0.0	0.0	4.48	pea__onehot
n16_h0.25_r7	16	0.25	7	pea	esm2_t12_35M_UR50D	0.076923	0.024725	21.009999999999998	pea__esm2_t12_35M_UR50D
n16_h0.25_r7	16	0.25	7	msaresid_mafft	onehot	0.153846	0.123626	5.38	msaresid_mafft__onehot
n16_h0.25_r7	16	0.25	7	msaresid_mafft	esm2_t12_35M_UR50D	0.076923	0.024725	20.88	msaresid_mafft__esm2_t12_35M_UR50D
n16_h0.25_r7	16	0.25	7	msaresid_true	onehot	0.153846	0.123626	3.55	msaresid_true__onehot
n16_h0.25_r7	16	0.25	7	msaresid_true	esm2_t12_35M_UR50D	0.076923	0.024725	19.099999999999998	msaresid_true__esm2_t12_35M_UR50D
n16_h0.25_r7	16	0.25	7	ml	none	0.230769	0.058242	55.6	ml__none
n16_h0.25_r7	16	0.25	7	bionj	none	0.384615	0.228022	55.6	bionj__none
n16_h0.25_r7	16	0.25	7	kmer	none	0.076923	0.024725	0.69	kmer__none
n16_h0.25_r8	16	0.25	8	meanpool	onehot	0.461538	0.234615	1.9000000000000001	meanpool__onehot
n16_h0.25_r8	16	0.25	8	meanpool	esm2_t12_35M_UR50D	0.538462	0.235165	16.509999999999998	meanpool__esm2_t12_35M_UR50D
n16_h0.25_r8	16	0.25	8	pea	onehot	0.076923	0.013187	3.5300000000000002	pea__onehot
n16_h0.25_r8	16	0.25	8	pea	esm2_t12_35M_UR50D	0.0	0.0	19.16	pea__esm2_t12_35M_UR50D
n16_h0.25_r8	16	0.25	8	msaresid_mafft	onehot	0.076923	0.061538	4.54	msaresid_mafft__onehot
n16_h0.25_r8	16	0.25	8	msaresid_mafft	esm2_t12_35M_UR50D	0.0	0.0	18.54	msaresid_mafft__esm2_t12_35M_UR50D
n16_h0.25_r8	16	0.25	8	msaresid_true	onehot	0.153846	0.074725	2.4000000000000004	msaresid_true__onehot
n16_h0.25_r8	16	0.25	8	msaresid_true	esm2_t12_35M_UR50D	0.0	0.0	16.71	msaresid_true__esm2_t12_35M_UR50D
n16_h0.25_r8	16	0.25	8	ml	none	0.0	0.0	67.36999999999999	ml__none
n16_h0.25_r8	16	0.25	8	bionj	none	0.076923	0.013187	67.36999999999999	bionj__none
n16_h0.25_r8	16	0.25	8	kmer	none	0.153846	0.074725	1.19	kmer__none
n16_h0.25_r9	16	0.25	9	meanpool	onehot	0.230769	0.078022	2.09	meanpool__onehot
n16_h0.25_r9	16	0.25	9	meanpool	esm2_t12_35M_UR50D	0.307692	0.085165	15.36	meanpool__esm2_t12_35M_UR50D
n16_h0.25_r9	16	0.25	9	pea	onehot	0.0	0.0	3.94	pea__onehot
n16_h0.25_r9	16	0.25	9	pea	esm2_t12_35M_UR50D	0.0	0.0	17.740000000000002	pea__esm2_t12_35M_UR50D
n16_h0.25_r9	16	0.25	9	msaresid_mafft	onehot	0.0	0.0	3.58	msaresid_mafft__onehot
n16_h0.25_r9	16	0.25	9	msaresid_mafft	esm2_t12_35M_UR50D	0.0	0.0	17.25	msaresid_mafft__esm2_t12_35M_UR50D
n16_h0.25_r9	16	0.25	9	msaresid_true	onehot	0.0	0.0	2.25	msaresid_true__onehot
n16_h0.25_r9	16	0.25	9	msaresid_true	esm2_t12_35M_UR50D	0.0	0.0	15.71	msaresid_true__esm2_t12_35M_UR50D
n16_h0.25_r9	16	0.25	9	ml	none	0.0	0.0	54.470000000000006	ml__none
n16_h0.25_r9	16	0.25	9	bionj	none	0.076923	0.018132	54.470000000000006	bionj__none
n16_h0.25_r9	16	0.25	9	kmer	none	0.0	0.0	0.72	kmer__none
n16_h0.25_r10	16	0.25	10	meanpool	onehot	0.461538	0.293956	2.95	meanpool__onehot
n16_h0.25_r10	16	0.25	10	meanpool	esm2_t12_35M_UR50D	0.538462	0.402198	14.32	meanpool__esm2_t12_35M_UR50D
n16_h0.25_r10	16	0.25	10	pea	onehot	0.0	0.0	4.37	pea__onehot
n16_h0.25_r10	16	0.25	10	pea	esm2_t12_35M_UR50D	0.153846	0.04011	16.36	pea__esm2_t12_35M_UR50D
n16_h0.25_r10	16	0.25	10	msaresid_mafft	onehot	0.0	0.0	5.3	msaresid_mafft__onehot
n16_h0.25_r10	16	0.25	10	msaresid_mafft	esm2_t12_35M_UR50D	0.0	0.0	15.9	msaresid_mafft__esm2_t12_35M_UR50D
n16_h0.25_r10	16	0.25	10	msaresid_true	onehot	0.0	0.0	2.4400000000000004	msaresid_true__onehot
n16_h0.25_r10	16	0.25	10	msaresid_true	esm2_t12_35M_UR50D	0.0	0.0	14.51	msaresid_true__esm2_t12_35M_UR50D
n16_h0.25_r10	16	0.25	10	ml	none	0.0	0.0	73.17999999999999	ml__none
n16_h0.25_r10	16	0.25	10	bionj	none	0.076923	0.032967	73.17999999999999	bionj__none
n16_h0.25_r10	16	0.25	10	kmer	none	0.0	0.0	3.37	kmer__none
n16_h0.25_r11	16	0.25	11	meanpool	onehot	0.230769	0.112637	1.96	meanpool__onehot
n16_h0.25_r11	16	0.25	11	meanpool	esm2_t12_35M_UR50D	0.384615	0.093407	25.28	meanpool__esm2_t12_35M_UR50D
n16_h0.25_r11	16	0.25	11	pea	onehot	0.307692	0.086264	3.68	pea__onehot
n16_h0.25_r11	16	0.25	11	pea	esm2_t12_35M_UR50D	0.230769	0.027473	27.48	pea__esm2_t12_35M_UR50D
n16_h0.25_r11	16	0.25	11	msaresid_mafft	onehot	0.153846	0.065934	4.09	msaresid_mafft__onehot
n16_h0.25_r11	16	0.25	11	msaresid_mafft	esm2_t12_35M_UR50D	0.230769	0.027473	26.96	msaresid_mafft__esm2_t12_35M_UR50D
n16_h0.25_r11	16	0.25	11	msaresid_true	onehot	0.153846	0.065934	2.55	msaresid_true__onehot
n16_h0.25_r11	16	0.25	11	msaresid_true	esm2_t12_35M_UR50D	0.230769	0.027473	25.01	msaresid_true__esm2_t12_35M_UR50D
n16_h0.25_r11	16	0.25	11	ml	none	0.230769	0.078022	58.98	ml__none
n16_h0.25_r11	16	0.25	11	bionj	none	0.230769	0.123626	58.98	bionj__none
n16_h0.25_r11	16	0.25	11	kmer	none	0.153846	0.02033	1.35	kmer__none
n16_h0.25_r12	16	0.25	12	meanpool	onehot	0.538462	0.493956	5.25	meanpool__onehot
n16_h0.25_r12	16	0.25	12	meanpool	esm2_t12_35M_UR50D	0.461538	0.352198	13.049999999999999	meanpool__esm2_t12_35M_UR50D
n16_h0.25_r12	16	0.25	12	pea	onehot	0.076923	0.059341	5.14	pea__onehot
n16_h0.25_r12	16	0.25	12	pea	esm2_t12_35M_UR50D	0.076923	0.059341	15.32	pea__esm2_t12_35M_UR50D
n16_h0.25_r12	16	0.25	12	msaresid_mafft	onehot	0.0	0.0	3.96	msaresid_mafft__onehot
n16_h0.25_r12	16	0.25	12	msaresid_mafft	esm2_t12_35M_UR50D	0.153846	0.202198	14.31	msaresid_mafft__esm2_t12_35M_UR50D
n16_h0.25_r12	16	0.25	12	msaresid_true	onehot	0.0	0.0	3.18	msaresid_true__onehot
n16_h0.25_r12	16	0.25	12	msaresid_true	esm2_t12_35M_UR50D	0.153846	0.202198	13.36	msaresid_true__esm2_t12_35M_UR50D
n16_h0.25_r12	16	0.25	12	ml	none	0.0	0.0	65.47	ml__none
n16_h0.25_r12	16	0.25	12	bionj	none	0.076923	0.059341	65.47	bionj__none
n16_h0.25_r12	16	0.25	12	kmer	none	0.076923	0.059341	0.51	kmer__none
n16_h0.25_r13	16	0.25	13	meanpool	onehot	0.461538	0.224176	2.28	meanpool__onehot
n16_h0.25_r13	16	0.25	13	meanpool	esm2_t12_35M_UR50D	0.692308	0.286813	18.74	meanpool__esm2_t12_35M_UR50D
n16_h0.25_r13	16	0.25	13	pea	onehot	0.153846	0.086813	3.0	pea__onehot
n16_h0.25_r13	16	0.25	13	pea	esm2_t12_35M_UR50D	0.384615	0.126374	20.84	pea__esm2_t12_35M_UR50D
n16_h0.25_r13	16	0.25	13	msaresid_mafft	onehot	0.153846	0.086813	3.4799999999999995	msaresid_mafft__onehot
n16_h0.25_r13	16	0.25	13	msaresid_mafft	esm2_t12_35M_UR50D	0.384615	0.126374	20.349999999999998	msaresid_mafft__esm2_t12_35M_UR50D
n16_h0.25_r13	16	0.25	13	msaresid_true	onehot	0.153846	0.086813	2.06	msaresid_true__onehot
n16_h0.25_r13	16	0.25	13	msaresid_true	esm2_t12_35M_UR50D	0.384615	0.126374	18.65	msaresid_true__esm2_t12_35M_UR50D
n16_h0.25_r13	16	0.25	13	ml	none	0.076923	0.068681	69.78999999999999	ml__none
n16_h0.25_r13	16	0.25	13	bionj	none	0.230769	0.11978	69.78999999999999	bionj__none
n16_h0.25_r13	16	0.25	13	kmer	none	0.153846	0.086813	0.62	kmer__none
n16_h0.25_r14	16	0.25	14	meanpool	onehot	0.230769	0.138462	1.8	meanpool__onehot
n16_h0.25_r14	16	0.25	14	meanpool	esm2_t12_35M_UR50D	0.230769	0.139011	18.86	meanpool__esm2_t12_35M_UR50D
n16_h0.25_r14	16	0.25	14	pea	onehot	0.0	0.0	4.75	pea__onehot
n16_h0.25_r14	16	0.25	14	pea	esm2_t12_35M_UR50D	0.076923	0.007143	21.15	pea__esm2_t12_35M_UR50D
n16_h0.25_r14	16	0.25	14	msaresid_mafft	onehot	0.0	0.0	4.37	msaresid_mafft__onehot
n16_h0.25_r14	16	0.25	14	msaresid_mafft	esm2_t12_35M_UR50D	0.153846	0.077473	20.58	msaresid_mafft__esm2_t12_35M_UR50D
n16_h0.25_r14	16	0.25	14	msaresid_true	onehot	0.0	0.0	4.49	msaresid_true__onehot
n16_h0.25_r14	16	0.25	14	msaresid_true	esm2_t12_35M_UR50D	0.076923	0.007143	19.299999999999997	msaresid_true__esm2_t12_35M_UR50D
n16_h0.25_r14	16	0.25	14	ml	none	0.0	0.0	62.37	ml__none
n16_h0.25_r14	16	0.25	14	bionj	none	0.230769	0.12967	62.37	bionj__none
n16_h0.25_r14	16	0.25	14	kmer	none	0.076923	0.07033	0.76	kmer__none
n16_h0.25_r15	16	0.25	15	meanpool	onehot	0.153846	0.083516	5.42	meanpool__onehot
n16_h0.25_r15	16	0.25	15	meanpool	esm2_t12_35M_UR50D	0.384615	0.263736	17.95	meanpool__esm2_t12_35M_UR50D
n16_h0.25_r15	16	0.25	15	pea	onehot	0.076923	0.013187	3.35	pea__onehot
n16_h0.25_r15	16	0.25	15	pea	esm2_t12_35M_UR50D	0.0	0.0	20.38	pea__esm2_t12_35M_UR50D
n16_h0.25_r15	16	0.25	15	msaresid_mafft	onehot	0.076923	0.013187	4.37	msaresid_mafft__onehot
n16_h0.25_r15	16	0.25	15	msaresid_mafft	esm2_t12_35M_UR50D	0.0	0.0	20.02	msaresid_mafft__esm2_t12_35M_UR50D
n16_h0.25_r15	16	0.25	15	msaresid_true	onehot	0.153846	0.083516	2.55	msaresid_true__onehot
n16_h0.25_r15	16	0.25	15	msaresid_true	esm2_t12_35M_UR50D	0.0	0.0	18.0	msaresid_true__esm2_t12_35M_UR50D
n16_h0.25_r15	16	0.25	15	ml	none	0.0	0.0	64.64999999999999	ml__none
n16_h0.25_r15	16	0.25	15	bionj	none	0.076923	0.007143	64.64999999999999	bionj__none
n16_h0.25_r15	16	0.25	15	kmer	none	0.076923	0.013187	0.61	kmer__none
n16_h0.25_r16	16	0.25	16	meanpool	onehot	0.384615	0.212088	2.04	meanpool__onehot
n16_h0.25_r16	16	0.25	16	meanpool	esm2_t12_35M_UR50D	0.307692	0.148352	24.759999999999998	meanpool__esm2_t12_35M_UR50D
n16_h0.25_r16	16	0.25	16	pea	onehot	0.153846	0.064835	3.92	pea__onehot
n16_h0.25_r16	16	0.25	16	pea	esm2_t12_35M_UR50D	0.076923	0.007143	27.07	pea__esm2_t12_35M_UR50D
n16_h0.25_r16	16	0.25	16	msaresid_mafft	onehot	0.0	0.0	3.7800000000000002	msaresid_mafft__onehot
n16_h0.25_r16	16	0.25	16	msaresid_mafft	esm2_t12_35M_UR50D	0.076923	0.007143	26.31	msaresid_mafft__esm2_t12_35M_UR50D
n16_h0.25_r16	16	0.25	16	msaresid_true	onehot	0.0	0.0	2.29	msaresid_true__onehot
n16_h0.25_r16	16	0.25	16	msaresid_true	esm2_t12_35M_UR50D	0.076923	0.007143	24.669999999999998	msaresid_true__esm2_t12_35M_UR50D
n16_h0.25_r16	16	0.25	16	ml	none	0.0	0.0	51.86	ml__none
n16_h0.25_r16	16	0.25	16	bionj	none	0.0	0.0	51.86	bionj__none
n16_h0.25_r16	16	0.25	16	kmer	none	0.076923	0.024176	0.62	kmer__none
n16_h0.25_r17	16	0.25	17	meanpool	onehot	0.384615	0.067582	2.35	meanpool__onehot
n16_h0.25_r17	16	0.25	17	meanpool	esm2_t12_35M_UR50D	0.384615	0.123626	16.97	meanpool__esm2_t12_35M_UR50D
n16_h0.25_r17	16	0.25	17	pea	onehot	0.076923	0.007143	4.2700000000000005	pea__onehot
n16_h0.25_r17	16	0.25	17	pea	esm2_t12_35M_UR50D	0.230769	0.053297	18.97	pea__esm2_t12_35M_UR50D
n16_h0.25_r17	16	0.25	17	msaresid_mafft	onehot	0.076923	0.032967	3.49	msaresid_mafft__onehot
n16_h0.25_r17	16	0.25	17	msaresid_mafft	esm2_t12_35M_UR50D	0.153846	0.04011	18.67	msaresid_mafft__esm2_t12_35M_UR50D
n16_h0.25_r17	16	0.25	17	msaresid_true	onehot	0.153846	0.04011	2.42	msaresid_true__onehot
n16_h0.25_r17	16	0.25	17	msaresid_true	esm2_t12_35M_UR50D	0.153846	0.04011	17.35	msaresid_true__esm2_t12_35M_UR50D
n16_h0.25_r17	16	0.25	17	ml	none	0.230769	0.053297	91.79	ml__none
n16_h0.25_r17	16	0.25	17	bionj	none	0.153846	0.04011	91.79	bionj__none
n16_h0.25_r17	16	0.25	17	kmer	none	0.153846	0.04011	0.71	kmer__none
n16_h0.25_r18	16	0.25	18	meanpool	onehot	0.384615	0.157692	2.81	meanpool__onehot
n16_h0.25_r18	16	0.25	18	meanpool	esm2_t12_35M_UR50D	0.307692	0.126923	13.25	meanpool__esm2_t12_35M_UR50D
n16_h0.25_r18	16	0.25	18	pea	onehot	0.076923	0.018132	7.44	pea__onehot
n16_h0.25_r18	16	0.25	18	pea	esm2_t12_35M_UR50D	0.076923	0.018132	15.649999999999999	pea__esm2_t12_35M_UR50D
n16_h0.25_r18	16	0.25	18	msaresid_mafft	onehot	0.076923	0.018132	7.770000000000001	msaresid_mafft__onehot
n16_h0.25_r18	16	0.25	18	msaresid_mafft	esm2_t12_35M_UR50D	0.076923	0.018132	16.09	msaresid_mafft__esm2_t12_35M_UR50D
n16_h0.25_r18	16	0.25	18	msaresid_true	onehot	0.076923	0.018132	2.98	msaresid_true__onehot
n16_h0.25_r18	16	0.25	18	msaresid_true	esm2_t12_35M_UR50D	0.076923	0.018132	13.39	msaresid_true__esm2_t12_35M_UR50D
n16_h0.25_r18	16	0.25	18	ml	none	0.0	0.0	65.67999999999999	ml__none
n16_h0.25_r18	16	0.25	18	bionj	none	0.076923	0.061538	65.67999999999999	bionj__none
n16_h0.25_r18	16	0.25	18	kmer	none	0.076923	0.018132	0.82	kmer__none
n16_h0.25_r19	16	0.25	19	meanpool	onehot	0.461538	0.242857	5.01	meanpool__onehot
n16_h0.25_r19	16	0.25	19	meanpool	esm2_t12_35M_UR50D	0.384615	0.254396	14.860000000000001	meanpool__esm2_t12_35M_UR50D
n16_h0.25_r19	16	0.25	19	pea	onehot	0.076923	0.032967	4.21	pea__onehot
n16_h0.25_r19	16	0.25	19	pea	esm2_t12_35M_UR50D	0.076923	0.044505	16.82	pea__esm2_t12_35M_UR50D
n16_h0.25_r19	16	0.25	19	msaresid_mafft	onehot	0.0	0.0	6.35	msaresid_mafft__onehot
n16_h0.25_r19	16	0.25	19	msaresid_mafft	esm2_t12_35M_UR50D	0.076923	0.044505	17.57	msaresid_mafft__esm2_t12_35M_UR50D
n16_h0.25_r19	16	0.25	19	msaresid_true	onehot	0.076923	0.032967	2.76	msaresid_true__onehot
n16_h0.25_r19	16	0.25	19	msaresid_true	esm2_t12_35M_UR50D	0.076923	0.044505	14.82	msaresid_true__esm2_t12_35M_UR50D
n16_h0.25_r19	16	0.25	19	ml	none	0.076923	0.032967	43.29	ml__none
n16_h0.25_r19	16	0.25	19	bionj	none	0.153846	0.176374	43.29	bionj__none
n16_h0.25_r19	16	0.25	19	kmer	none	0.153846	0.176374	0.81	kmer__none
n16_h0.5_r0	16	0.5	0	meanpool	onehot	0.692308	0.207692	2.74	meanpool__onehot
n16_h0.5_r0	16	0.5	0	meanpool	esm2_t12_35M_UR50D	0.153846	0.063736	29.41	meanpool__esm2_t12_35M_UR50D
n16_h0.5_r0	16	0.5	0	pea	onehot	0.307692	0.103297	4.609999999999999	pea__onehot
n16_h0.5_r0	16	0.5	0	pea	esm2_t12_35M_UR50D	0.153846	0.063736	32.79	pea__esm2_t12_35M_UR50D
n16_h0.5_r0	16	0.5	0	msaresid_mafft	onehot	0.307692	0.084066	5.24	msaresid_mafft__onehot
n16_h0.5_r0	16	0.5	0	msaresid_mafft	esm2_t12_35M_UR50D	0.153846	0.063736	30.86	msaresid_mafft__esm2_t12_35M_UR50D
n16_h0.5_r0	16	0.5	0	msaresid_true	onehot	0.230769	0.044505	2.87	msaresid_true__onehot
n16_h0.5_r0	16	0.5	0	msaresid_true	esm2_t12_35M_UR50D	0.153846	0.063736	29.4	msaresid_true__esm2_t12_35M_UR50D
n16_h0.5_r0	16	0.5	0	ml	none	0.076923	0.018132	108.87	ml__none
n16_h0.5_r0	16	0.5	0	bionj	none	0.230769	0.084615	108.87	bionj__none
n16_h0.5_r0	16	0.5	0	kmer	none	0.307692	0.114835	0.64	kmer__none
n16_h0.5_r1	16	0.5	1	meanpool	onehot	0.615385	0.374725	3.8600000000000003	meanpool__onehot
n16_h0.5_r1	16	0.5	1	meanpool	esm2_t12_35M_UR50D	0.615385	0.434066	24.5	meanpool__esm2_t12_35M_UR50D
n16_h0.5_r1	16	0.5	1	pea	onehot	0.307692	0.106044	5.7	pea__onehot
n16_h0.5_r1	16	0.5	1	pea	esm2_t12_35M_UR50D	0.230769	0.07967	26.96	pea__esm2_t12_35M_UR50D
n16_h0.5_r1	16	0.5	1	msaresid_mafft	onehot	0.230769	0.098901	11.34	msaresid_mafft__onehot
n16_h0.5_r1	16	0.5	1	msaresid_mafft	esm2_t12_35M_UR50D	0.153846	0.072527	31.82	msaresid_mafft__esm2_t12_35M_UR50D
n16_h0.5_r1	16	0.5	1	msaresid_true	onehot	0.153846	0.072527	3.73	msaresid_true__onehot
n16_h0.5_r1	16	0.5	1	msaresid_true	esm2_t12_35M_UR50D	0.153846	0.072527	24.59	msaresid_true__esm2_t12_35M_UR50D
n16_h0.5_r1	16	0.5	1	ml	none	0.076923	0.032967	81.72	ml__none
n16_h0.5_r1	16	0.5	1	bionj	none	0.153846	0.059341	81.72	bionj__none
n16_h0.5_r1	16	0.5	1	kmer	none	0.230769	0.098901	3.77	kmer__none
n16_h0.5_r2	16	0.5	2	meanpool	onehot	0.538462	0.300549	2.12	meanpool__onehot
n16_h0.5_r2	16	0.5	2	meanpool	esm2_t12_35M_UR50D	0.615385	0.297253	16.43	meanpool__esm2_t12_35M_UR50D
n16_h0.5_r2	16	0.5	2	pea	onehot	0.307692	0.164835	3.79	pea__onehot
n16_h0.5_r2	16	0.5	2	pea	esm2_t12_35M_UR50D	0.307692	0.164835	19.009999999999998	pea__esm2_t12_35M_UR50D
n16_h0.5_r2	16	0.5	2	msaresid_mafft	onehot	0.153846	0.075824	3.8	msaresid_mafft__onehot
n16_h0.5_r2	16	0.5	2	msaresid_mafft	esm2_t12_35M_UR50D	0.307692	0.156593	17.94	msaresid_mafft__esm2_t12_35M_UR50D
n16_h0.5_r2	16	0.5	2	msaresid_true	onehot	0.230769	0.11978	2.45	msaresid_true__onehot
n16_h0.5_r2	16	0.5	2	msaresid_true	esm2_t12_35M_UR50D	0.307692	0.164835	16.39	msaresid_true__esm2_t12_35M_UR50D
n16_h0.5_r2	16	0.5	2	ml	none	0.0	0.0	84.41	ml__none
n16_h0.5_r2	16	0.5	2	bionj	none	0.230769	0.102198	84.41	bionj__none
n16_h0.5_r2	16	0.5	2	kmer	none	0.384615	0.159341	0.65	kmer__none
n16_h0.5_r3	16	0.5	3	meanpool	onehot	0.615385	0.348352	3.07	meanpool__onehot
n16_h0.5_r3	16	0.5	3	meanpool	esm2_t12_35M_UR50D	0.538462	0.455495	14.86	meanpool__esm2_t12_35M_UR50D
n16_h0.5_r3	16	0.5	3	pea	onehot	0.384615	0.171429	4.16	pea__onehot
n16_h0.5_r3	16	0.5	3	pea	esm2_t12_35M_UR50D	0.384615	0.251648	18.78	pea__esm2_t12_35M_UR50D
n16_h0.5_r3	16	0.5	3	msaresid_mafft	onehot	0.307692	0.193407	4.859999999999999	msaresid_mafft__onehot
n16_h0.5_r3	16	0.5	3	msaresid_mafft	esm2_t12_35M_UR50D	0.384615	0.251648	16.99	msaresid_mafft__esm2_t12_35M_UR50D
n16_h0.5_r3	16	0.5	3	msaresid_true	onehot	0.307692	0.193407	3.16	msaresid_true__onehot
n16_h0.5_r3	16	0.5	3	msaresid_true	esm2_t12_35M_UR50D	0.384615	0.251648	15.129999999999999	msaresid_true__esm2_t12_35M_UR50D
n16_h0.5_r3	16	0.5	3	ml	none	0.153846	0.059341	102.53	ml__none
n16_h0.5_r3	16	0.5	3	bionj	none	0.384615	0.171429	102.53	bionj__none
n16_h0.5_r3	16	0.5	3	kmer	none	0.384615	0.261538	1.13	kmer__none
n16_h0.5_r4	16	0.5	4	meanpool	onehot	0.615385	0.293407	2.02	meanpool__onehot
n16_h0.5_r4	16	0.5	4	meanpool	esm2_t12_35M_UR50D	0.461538	0.262088	15.850000000000001	meanpool__esm2_t12_35M_UR50D
n16_h0.5_r4	16	0.5	4	pea	onehot	0.0	0.0	4.3	pea__onehot
n16_h0.5_r4	16	0.5	4	pea	esm2_t12_35M_UR50D	0.153846	0.072527	18.18	pea__esm2_t12_35M_UR50D
n16_h0.5_r4	16	0.5	4	msaresid_mafft	onehot	0.0	0.0	3.5100000000000002	msaresid_mafft__onehot
n16_h0.5_r4	16	0.5	4	msaresid_mafft	esm2_t12_35M_UR50D	0.230769	0.112088	17.160000000000004	msaresid_mafft__esm2_t12_35M_UR50D
n16_h0.5_r4	16	0.5	4	msaresid_true	onehot	0.0	0.0	2.9	msaresid_true__onehot
n16_h0.5_r4	16	0.5	4	msaresid_true	esm2_t12_35M_UR50D	0.230769	0.112088	15.990000000000002	msaresid_true__esm2_t12_35M_UR50D
n16_h0.5_r4	16	0.5	4	ml	none	0.076923	0.044505	90.24	ml__none
n16_h0.5_r4	16	0.5	4	bionj	none	0.153846	0.077473	90.24	bionj__none
n16_h0.5_r4	16	0.5	4	kmer	none	0.153846	0.072527	0.68	kmer__none
n16_h0.5_r5	16	0.5	5	meanpool	onehot	0.384615	0.2	2.59	meanpool__onehot
n16_h0.5_r5	16	0.5	5	meanpool	esm2_t12_35M_UR50D	0.230769	0.104945	22.44	meanpool__esm2_t12_35M_UR50D
n16_h0.5_r5	16	0.5	5	pea	onehot	0.076923	0.007143	4.9	pea__onehot
n16_h0.5_r5	16	0.5	5	pea	esm2_t12_35M_UR50D	0.076923	0.068681	25.23	pea__esm2_t12_35M_UR50D
n16_h0.5_r5	16	0.5	5	msaresid_mafft	onehot	0.0	0.0	4.65	msaresid_mafft__onehot
n16_h0.5_r5	16	0.5	5	msaresid_mafft	esm2_t12_35M_UR50D	0.076923	0.068681	24.18	msaresid_mafft__esm2_t12_35M_UR50D
n16_h0.5_r5	16	0.5	5	msaresid_true	onehot	0.0	0.0	2.94	msaresid_true__onehot
n16_h0.5_r5	16	0.5	5	msaresid_true	esm2_t12_35M_UR50D	0.076923	0.068681	22.35	msaresid_true__esm2_t12_35M_UR50D
n16_h0.5_r5	16	0.5	5	ml	none	0.076923	0.007143	72.83	ml__none
n16_h0.5_r5	16	0.5	5	bionj	none	0.076923	0.007143	72.83	bionj__none
n16_h0.5_r5	16	0.5	5	kmer	none	0.0	0.0	0.97	kmer__none
n16_h0.5_r6	16	0.5	6	meanpool	onehot	0.153846	0.072527	2.87	meanpool__onehot
n16_h0.5_r6	16	0.5	6	meanpool	esm2_t12_35M_UR50D	0.384615	0.153846	16.130000000000003	meanpool__esm2_t12_35M_UR50D
n16_h0.5_r6	16	0.5	6	pea	onehot	0.0	0.0	4.17	pea__onehot
n16_h0.5_r6	16	0.5	6	pea	esm2_t12_35M_UR50D	0.076923	0.043956	19.310000000000002	pea__esm2_t12_35M_UR50D
n16_h0.5_r6	16	0.5	6	msaresid_mafft	onehot	0.0	0.0	4.369999999999999	msaresid_mafft__onehot
n16_h0.5_r6	16	0.5	6	msaresid_mafft	esm2_t12_35M_UR50D	0.153846	0.062088	17.94	msaresid_mafft__esm2_t12_35M_UR50D
n16_h0.5_r6	16	0.5	6	msaresid_true	onehot	0.0	0.0	2.15	msaresid_true__onehot
n16_h0.5_r6	16	0.5	6	msaresid_true	esm2_t12_35M_UR50D	0.153846	0.062088	16.28	msaresid_true__esm2_t12_35M_UR50D
n16_h0.5_r6	16	0.5	6	ml	none	0.076923	0.043956	66.50999999999999	ml__none
n16_h0.5_r6	16	0.5	6	bionj	none	0.230769	0.145055	66.50999999999999	bionj__none
n16_h0.5_r6	16	0.5	6	kmer	none	0.076923	0.043956	0.73	kmer__none
n16_h0.5_r7	16	0.5	7	meanpool	onehot	0.769231	0.281868	3.29	meanpool__onehot
n16_h0.5_r7	16	0.5	7	meanpool	esm2_t12_35M_UR50D	0.307692	0.097253	19.130000000000003	meanpool__esm2_t12_35M_UR50D
n16_h0.5_r7	16	0.5	7	pea	onehot	0.307692	0.086264	4.029999999999999	pea__onehot
n16_h0.5_r7	16	0.5	7	pea	esm2_t12_35M_UR50D	0.307692	0.092308	21.73	pea__esm2_t12_35M_UR50D
n16_h0.5_r7	16	0.5	7	msaresid_mafft	onehot	0.153846	0.046154	6.82	msaresid_mafft__onehot
n16_h0.5_r7	16	0.5	7	msaresid_mafft	esm2_t12_35M_UR50D	0.307692	0.092308	21.490000000000002	msaresid_mafft__esm2_t12_35M_UR50D
n16_h0.5_r7	16	0.5	7	msaresid_true	onehot	0.307692	0.086264	9.66	msaresid_true__onehot
n16_h0.5_r7	16	0.5	7	msaresid_true	esm2_t12_35M_UR50D	0.307692	0.092308	18.840000000000003	msaresid_true__esm2_t12_35M_UR50D
n16_h0.5_r7	16	0.5	7	ml	none	0.153846	0.046154	117.73	ml__none
n16_h0.5_r7	16	0.5	7	bionj	none	0.307692	0.092308	117.73	bionj__none
n16_h0.5_r7	16	0.5	7	kmer	none	0.230769	0.073077	0.65	kmer__none
n16_h0.5_r8	16	0.5	8	meanpool	onehot	0.461538	0.4	2.74	meanpool__onehot
n16_h0.5_r8	16	0.5	8	meanpool	esm2_t12_35M_UR50D	0.307692	0.218132	20.57	meanpool__esm2_t12_35M_UR50D
n16_h0.5_r8	16	0.5	8	pea	onehot	0.0	0.0	5.51	pea__onehot
n16_h0.5_r8	16	0.5	8	pea	esm2_t12_35M_UR50D	0.0	0.0	23.720000000000002	pea__esm2_t12_35M_UR50D
n16_h0.5_r8	16	0.5	8	msaresid_mafft	onehot	0.0	0.0	2.9899999999999998	msaresid_mafft__onehot
n16_h0.5_r8	16	0.5	8	msaresid_mafft	esm2_t12_35M_UR50D	0.076923	0.098901	21.27	msaresid_mafft__esm2_t12_35M_UR50D
n16_h0.5_r8	16	0.5	8	msaresid_true	onehot	0.0	0.0	2.4	msaresid_true__onehot
n16_h0.5_r8	16	0.5	8	msaresid_true	esm2_t12_35M_UR50D	0.076923	0.098901	20.75	msaresid_true__esm2_t12_35M_UR50D
n16_h0.5_r8	16	0.5	8	ml	none	0.076923	0.018132	66.59	ml__none
n16_h0.5_r8	16	0.5	8	bionj	none	0.153846	0.117033	66.59	bionj__none
n16_h0.5_r8	16	0.5	8	kmer	none	0.0	0.0	0.75	kmer__none
n16_h0.5_r9	16	0.5	9	meanpool	onehot	0.384615	0.18956	3.24	meanpool__onehot
n16_h0.5_r9	16	0.5	9	meanpool	esm2_t12_35M_UR50D	0.384615	0.165385	15.97	meanpool__esm2_t12_35M_UR50D
n16_h0.5_r9	16	0.5	9	pea	onehot	0.153846	0.125275	7.279999999999999	pea__onehot
n16_h0.5_r9	16	0.5	9	pea	esm2_t12_35M_UR50D	0.153846	0.084066	17.810000000000002	pea__esm2_t12_35M_UR50D
n16_h0.5_r9	16	0.5	9	msaresid_mafft	onehot	0.076923	0.059341	4.46	msaresid_mafft__onehot
n16_h0.5_r9	16	0.5	9	msaresid_mafft	esm2_t12_35M_UR50D	0.153846	0.084066	17.75	msaresid_mafft__esm2_t12_35M_UR50D
n16_h0.5_r9	16	0.5	9	msaresid_true	onehot	0.153846	0.083516	3.83	msaresid_true__onehot
n16_h0.5_r9	16	0.5	9	msaresid_true	esm2_t12_35M_UR50D	0.153846	0.084066	16.0	msaresid_true__esm2_t12_35M_UR50D
n16_h0.5_r9	16	0.5	9	ml	none	0.153846	0.083516	94.08	ml__none
n16_h0.5_r9	16	0.5	9	bionj	none	0.076923	0.059341	94.08	bionj__none
n16_h0.5_r9	16	0.5	9	kmer	none	0.0	0.0	1.78	kmer__none
n16_h0.5_r10	16	0.5	10	meanpool	onehot	0.538462	0.335165	2.79	meanpool__onehot
n16_h0.5_r10	16	0.5	10	meanpool	esm2_t12_35M_UR50D	0.538462	0.403846	20.689999999999998	meanpool__esm2_t12_35M_UR50D
n16_h0.5_r10	16	0.5	10	pea	onehot	0.153846	0.114286	3.98	pea__onehot
n16_h0.5_r10	16	0.5	10	pea	esm2_t12_35M_UR50D	0.076923	0.092308	23.689999999999998	pea__esm2_t12_35M_UR50D
n16_h0.5_r10	16	0.5	10	msaresid_mafft	onehot	0.153846	0.136264	5.640000000000001	msaresid_mafft__onehot
n16_h0.5_r10	16	0.5	10	msaresid_mafft	esm2_t12_35M_UR50D	0.076923	0.092308	22.27	msaresid_mafft__esm2_t12_35M_UR50D
n16_h0.5_r10	16	0.5	10	msaresid_true	onehot	0.076923	0.092308	2.3200000000000003	msaresid_true__onehot
n16_h0.5_r10	16	0.5	10	msaresid_true	esm2_t12_35M_UR50D	0.076923	0.092308	20.99	msaresid_true__esm2_t12_35M_UR50D
n16_h0.5_r10	16	0.5	10	ml	none	0.076923	0.092308	114.14999999999999	ml__none
n16_h0.5_r10	16	0.5	10	bionj	none	0.153846	0.138462	114.14999999999999	bionj__none
n16_h0.5_r10	16	0.5	10	kmer	none	0.076923	0.092308	0.7	kmer__none
n16_h0.5_r11	16	0.5	11	meanpool	onehot	0.461538	0.215934	2.98	meanpool__onehot
n16_h0.5_r11	16	0.5	11	meanpool	esm2_t12_35M_UR50D	0.461538	0.211538	18.1	meanpool__esm2_t12_35M_UR50D
n16_h0.5_r11	16	0.5	11	pea	onehot	0.153846	0.031319	3.83	pea__onehot
n16_h0.5_r11	16	0.5	11	pea	esm2_t12_35M_UR50D	0.230769	0.084066	21.12	pea__esm2_t12_35M_UR50D
n16_h0.5_r11	16	0.5	11	msaresid_mafft	onehot	0.153846	0.031319	5.0	msaresid_mafft__onehot
n16_h0.5_r11	16	0.5	11	msaresid_mafft	esm2_t12_35M_UR50D	0.230769	0.084066	20.509999999999998	msaresid_mafft__esm2_t12_35M_UR50D
n16_h0.5_r11	16	0.5	11	msaresid_true	onehot	0.230769	0.070879	2.49	msaresid_true__onehot
n16_h0.5_r11	16	0.5	11	msaresid_true	esm2_t12_35M_UR50D	0.230769	0.084066	18.240000000000002	msaresid_true__esm2_t12_35M_UR50D
n16_h0.5_r11	16	0.5	11	ml	none	0.230769	0.075824	110.31	ml__none
n16_h0.5_r11	16	0.5	11	bionj	none	0.230769	0.084066	110.31	bionj__none
n16_h0.5_r11	16	0.5	11	kmer	none	0.230769	0.101648	1.22	kmer__none
n16_h0.5_r12	16	0.5	12	meanpool	onehot	0.846154	0.312637	2.73	meanpool__onehot
n16_h0.5_r12	16	0.5	12	meanpool	esm2_t12_35M_UR50D	0.461538	0.14011	18.51	meanpool__esm2_t12_35M_UR50D
n16_h0.5_r12	16	0.5	12	pea	onehot	0.0	0.0	5.3100000000000005	pea__onehot
n16_h0.5_r12	16	0.5	12	pea	esm2_t12_35M_UR50D	0.076923	0.018132	22.35	pea__esm2_t12_35M_UR50D
n16_h0.5_r12	16	0.5	12	msaresid_mafft	onehot	0.153846	0.025275	5.05	msaresid_mafft__onehot
n16_h0.5_r12	16	0.5	12	msaresid_mafft	esm2_t12_35M_UR50D	0.076923	0.018132	20.4	msaresid_mafft__esm2_t12_35M_UR50D
n16_h0.5_r12	16	0.5	12	msaresid_true	onehot	0.153846	0.025275	3.67	msaresid_true__onehot
n16_h0.5_r12	16	0.5	12	msaresid_true	esm2_t12_35M_UR50D	0.076923	0.018132	18.38	msaresid_true__esm2_t12_35M_UR50D
n16_h0.5_r12	16	0.5	12	ml	none	0.230769	0.043407	88.19	ml__none
n16_h0.5_r12	16	0.5	12	bionj	none	0.230769	0.071429	88.19	bionj__none
n16_h0.5_r12	16	0.5	12	kmer	none	0.153846	0.064286	0.65	kmer__none
n16_h0.5_r13	16	0.5	13	meanpool	onehot	0.461538	0.199451	3.25	meanpool__onehot
n16_h0.5_r13	16	0.5	13	meanpool	esm2_t12_35M_UR50D	0.384615	0.369231	14.049999999999999	meanpool__esm2_t12_35M_UR50D
n16_h0.5_r13	16	0.5	13	pea	onehot	0.153846	0.086264	4.46	pea__onehot
n16_h0.5_r13	16	0.5	13	pea	esm2_t12_35M_UR50D	0.153846	0.086264	16.68	pea__esm2_t12_35M_UR50D
n16_h0.5_r13	16	0.5	13	msaresid_mafft	onehot	0.153846	0.086264	3.8	msaresid_mafft__onehot
n16_h0.5_r13	16	0.5	13	msaresid_mafft	esm2_t12_35M_UR50D	0.076923	0.007143	15.84	msaresid_mafft__esm2_t12_35M_UR50D
n16_h0.5_r13	16	0.5	13	msaresid_true	onehot	0.153846	0.086264	2.33	msaresid_true__onehot
n16_h0.5_r13	16	0.5	13	msaresid_true	esm2_t12_35M_UR50D	0.076923	0.007143	14.149999999999999	msaresid_true__esm2_t12_35M_UR50D
n16_h0.5_r13	16	0.5	13	ml	none	0.153846	0.086264	79.56	ml__none
n16_h0.5_r13	16	0.5	13	bionj	none	0.153846	0.014286	79.56	bionj__none
n16_h0.5_r13	16	0.5	13	kmer	none	0.153846	0.086264	0.95	kmer__none
n16_h0.5_r14	16	0.5	14	meanpool	onehot	0.384615	0.176374	2.52	meanpool__onehot
n16_h0.5_r14	16	0.5	14	meanpool	esm2_t12_35M_UR50D	0.230769	0.084066	19.8	meanpool__esm2_t12_35M_UR50D
n16_h0.5_r14	16	0.5	14	pea	onehot	0.230769	0.098901	6.17	pea__onehot
n16_h0.5_r14	16	0.5	14	pea	esm2_t12_35M_UR50D	0.153846	0.065934	22.05	pea__esm2_t12_35M_UR50D
n16_h0.5_r14	16	0.5	14	msaresid_mafft	onehot	0.230769	0.098901	4.46	msaresid_mafft__onehot
n16_h0.5_r14	16	0.5	14	msaresid_mafft	esm2_t12_35M_UR50D	0.153846	0.065934	21.92	msaresid_mafft__esm2_t12_35M_UR50D
n16_h0.5_r14	16	0.5	14	msaresid_true	onehot	0.230769	0.098901	2.7199999999999998	msaresid_true__onehot
n16_h0.5_r14	16	0.5	14	msaresid_true	esm2_t12_35M_UR50D	0.153846	0.065934	19.93	msaresid_true__esm2_t12_35M_UR50D
n16_h0.5_r14	16	0.5	14	ml	none	0.076923	0.013187	108.23	ml__none
n16_h0.5_r14	16	0.5	14	bionj	none	0.153846	0.085714	108.23	bionj__none
n16_h0.5_r14	16	0.5	14	kmer	none	0.230769	0.098901	3.13	kmer__none
n16_h0.5_r15	16	0.5	15	meanpool	onehot	0.538462	0.307143	3.04	meanpool__onehot
n16_h0.5_r15	16	0.5	15	meanpool	esm2_t12_35M_UR50D	0.615385	0.271429	13.01	meanpool__esm2_t12_35M_UR50D
n16_h0.5_r15	16	0.5	15	pea	onehot	0.461538	0.181868	4.720000000000001	pea__onehot
n16_h0.5_r15	16	0.5	15	pea	esm2_t12_35M_UR50D	0.307692	0.202198	15.27	pea__esm2_t12_35M_UR50D
n16_h0.5_r15	16	0.5	15	msaresid_mafft	onehot	0.307692	0.191209	5.220000000000001	msaresid_mafft__onehot
n16_h0.5_r15	16	0.5	15	msaresid_mafft	esm2_t12_35M_UR50D	0.307692	0.167582	14.61	msaresid_mafft__esm2_t12_35M_UR50D
n16_h0.5_r15	16	0.5	15	msaresid_true	onehot	0.307692	0.13956	3.33	msaresid_true__onehot
n16_h0.5_r15	16	0.5	15	msaresid_true	esm2_t12_35M_UR50D	0.307692	0.156593	13.09	msaresid_true__esm2_t12_35M_UR50D
n16_h0.5_r15	16	0.5	15	ml	none	0.230769	0.149451	81.08	ml__none
n16_h0.5_r15	16	0.5	15	bionj	none	0.307692	0.202747	81.08	bionj__none
n16_h0.5_r15	16	0.5	15	kmer	none	0.230769	0.184615	0.73	kmer__none
n16_h0.5_r16	16	0.5	16	meanpool	onehot	0.538462	0.303846	2.3	meanpool__onehot
n16_h0.5_r16	16	0.5	16	meanpool	esm2_t12_35M_UR50D	0.307692	0.120879	15.25	meanpool__esm2_t12_35M_UR50D
n16_h0.5_r16	16	0.5	16	pea	onehot	0.0	0.0	4.15	pea__onehot
n16_h0.5_r16	16	0.5	16	pea	esm2_t12_35M_UR50D	0.076923	0.024176	15.98	pea__esm2_t12_35M_UR50D
n16_h0.5_r16	16	0.5	16	msaresid_mafft	onehot	0.0	0.0	3.88	msaresid_mafft__onehot
n16_h0.5_r16	16	0.5	16	msaresid_mafft	esm2_t12_35M_UR50D	0.076923	0.018132	16.02	msaresid_mafft__esm2_t12_35M_UR50D
n16_h0.5_r16	16	0.5	16	msaresid_true	onehot	0.0	0.0	2.55	msaresid_true__onehot
n16_h0.5_r16	16	0.5	16	msaresid_true	esm2_t12_35M_UR50D	0.0	0.0	14.579999999999998	msaresid_true__esm2_t12_35M_UR50D
n16_h0.5_r16	16	0.5	16	ml	none	0.076923	0.057692	67.84	ml__none
n16_h0.5_r16	16	0.5	16	bionj	none	0.076923	0.018132	67.84	bionj__none
n16_h0.5_r16	16	0.5	16	kmer	none	0.076923	0.024176	0.79	kmer__none
n16_h0.5_r17	16	0.5	17	meanpool	onehot	0.307692	0.119231	1.9	meanpool__onehot
n16_h0.5_r17	16	0.5	17	meanpool	esm2_t12_35M_UR50D	0.153846	0.066484	20.279999999999998	meanpool__esm2_t12_35M_UR50D
n16_h0.5_r17	16	0.5	17	pea	onehot	0.153846	0.066484	5.6	pea__onehot
n16_h0.5_r17	16	0.5	17	pea	esm2_t12_35M_UR50D	0.0	0.0	22.16	pea__esm2_t12_35M_UR50D
n16_h0.5_r17	16	0.5	17	msaresid_mafft	onehot	0.076923	0.026923	4.87	msaresid_mafft__onehot
n16_h0.5_r17	16	0.5	17	msaresid_mafft	esm2_t12_35M_UR50D	0.0	0.0	22.13	msaresid_mafft__esm2_t12_35M_UR50D
n16_h0.5_r17	16	0.5	17	msaresid_true	onehot	0.076923	0.026923	3.0	msaresid_true__onehot
n16_h0.5_r17	16	0.5	17	msaresid_true	esm2_t12_35M_UR50D	0.0	0.0	20.34	msaresid_true__esm2_t12_35M_UR50D
n16_h0.5_r17	16	0.5	17	ml	none	0.0	0.0	63.18	ml__none
n16_h0.5_r17	16	0.5	17	bionj	none	0.230769	0.07967	63.18	bionj__none
n16_h0.5_r17	16	0.5	17	kmer	none	0.076923	0.026923	0.82	kmer__none
n16_h0.5_r18	16	0.5	18	meanpool	onehot	0.307692	0.167582	2.37	meanpool__onehot
n16_h0.5_r18	16	0.5	18	meanpool	esm2_t12_35M_UR50D	0.076923	0.059341	25.560000000000002	meanpool__esm2_t12_35M_UR50D
n16_h0.5_r18	16	0.5	18	pea	onehot	0.0	0.0	3.79	pea__onehot
n16_h0.5_r18	16	0.5	18	pea	esm2_t12_35M_UR50D	0.076923	0.007143	28.42	pea__esm2_t12_35M_UR50D
n16_h0.5_r18	16	0.5	18	msaresid_mafft	onehot	0.0	0.0	2.44	msaresid_mafft__onehot
n16_h0.5_r18	16	0.5	18	msaresid_mafft	esm2_t12_35M_UR50D	0.076923	0.007143	25.75	msaresid_mafft__esm2_t12_35M_UR50D
n16_h0.5_r18	16	0.5	18	msaresid_true	onehot	0.0	0.0	2.2199999999999998	msaresid_true__onehot
n16_h0.5_r18	16	0.5	18	msaresid_true	esm2_t12_35M_UR50D	0.076923	0.007143	25.36	msaresid_true__esm2_t12_35M_UR50D
n16_h0.5_r18	16	0.5	18	ml	none	0.0	0.0	50.76	ml__none
n16_h0.5_r18	16	0.5	18	bionj	none	0.076923	0.007143	50.76	bionj__none
n16_h0.5_r18	16	0.5	18	kmer	none	0.0	0.0	0.69	kmer__none
n16_h0.5_r19	16	0.5	19	meanpool	onehot	0.538462	0.181319	2.81	meanpool__onehot
n16_h0.5_r19	16	0.5	19	meanpool	esm2_t12_35M_UR50D	0.692308	0.278571	17.66	meanpool__esm2_t12_35M_UR50D
n16_h0.5_r19	16	0.5	19	pea	onehot	0.307692	0.045604	4.59	pea__onehot
n16_h0.5_r19	16	0.5	19	pea	esm2_t12_35M_UR50D	0.153846	0.025275	20.13	pea__esm2_t12_35M_UR50D
n16_h0.5_r19	16	0.5	19	msaresid_mafft	onehot	0.307692	0.085165	4.27	msaresid_mafft__onehot
n16_h0.5_r19	16	0.5	19	msaresid_mafft	esm2_t12_35M_UR50D	0.153846	0.014286	19.65	msaresid_mafft__esm2_t12_35M_UR50D
n16_h0.5_r19	16	0.5	19	msaresid_true	onehot	0.307692	0.085165	2.55	msaresid_true__onehot
n16_h0.5_r19	16	0.5	19	msaresid_true	esm2_t12_35M_UR50D	0.153846	0.014286	18.13	msaresid_true__esm2_t12_35M_UR50D
n16_h0.5_r19	16	0.5	19	ml	none	0.153846	0.014286	101.72999999999999	ml__none
n16_h0.5_r19	16	0.5	19	bionj	none	0.230769	0.021429	101.72999999999999	bionj__none
n16_h0.5_r19	16	0.5	19	kmer	none	0.230769	0.071978	0.97	kmer__none
n16_h1_r0	16	1.0	0	meanpool	onehot	0.769231	0.403297	2.35	meanpool__onehot
n16_h1_r0	16	1.0	0	meanpool	esm2_t12_35M_UR50D	0.615385	0.391758	21.740000000000002	meanpool__esm2_t12_35M_UR50D
n16_h1_r0	16	1.0	0	pea	onehot	0.230769	0.050549	3.09	pea__onehot
n16_h1_r0	16	1.0	0	pea	esm2_t12_35M_UR50D	0.153846	0.031319	24.380000000000003	pea__esm2_t12_35M_UR50D
n16_h1_r0	16	1.0	0	msaresid_mafft	onehot	0.153846	0.037912	4.3100000000000005	msaresid_mafft__onehot
n16_h1_r0	16	1.0	0	msaresid_mafft	esm2_t12_35M_UR50D	0.307692	0.08022	24.34	msaresid_mafft__esm2_t12_35M_UR50D
n16_h1_r0	16	1.0	0	msaresid_true	onehot	0.230769	0.050549	3.74	msaresid_true__onehot
n16_h1_r0	16	1.0	0	msaresid_true	esm2_t12_35M_UR50D	0.230769	0.055495	21.76	msaresid_true__esm2_t12_35M_UR50D
n16_h1_r0	16	1.0	0	ml	none	0.153846	0.037363	147.52	ml__none
n16_h1_r0	16	1.0	0	bionj	none	0.153846	0.037363	147.52	bionj__none
n16_h1_r0	16	1.0	0	kmer	none	0.076923	0.013187	0.77	kmer__none
n16_h1_r1	16	1.0	1	meanpool	onehot	0.538462	0.302747	2.69	meanpool__onehot
n16_h1_r1	16	1.0	1	meanpool	esm2_t12_35M_UR50D	0.384615	0.223077	17.03	meanpool__esm2_t12_35M_UR50D
n16_h1_r1	16	1.0	1	pea	onehot	0.076923	0.007143	4.51	pea__onehot
n16_h1_r1	16	1.0	1	pea	esm2_t12_35M_UR50D	0.076923	0.007143	18.7	pea__esm2_t12_35M_UR50D
n16_h1_r1	16	1.0	1	msaresid_mafft	onehot	0.153846	0.046703	3.91	msaresid_mafft__onehot
n16_h1_r1	16	1.0	1	msaresid_mafft	esm2_t12_35M_UR50D	0.076923	0.007143	19.009999999999998	msaresid_mafft__esm2_t12_35M_UR50D
n16_h1_r1	16	1.0	1	msaresid_true	onehot	0.153846	0.046703	2.62	msaresid_true__onehot
n16_h1_r1	16	1.0	1	msaresid_true	esm2_t12_35M_UR50D	0.076923	0.007143	17.36	msaresid_true__esm2_t12_35M_UR50D
n16_h1_r1	16	1.0	1	ml	none	0.153846	0.085714	77.10000000000001	ml__none
n16_h1_r1	16	1.0	1	bionj	none	0.153846	0.04011	77.10000000000001	bionj__none
n16_h1_r1	16	1.0	1	kmer	none	0.153846	0.046703	0.93	kmer__none
n16_h1_r2	16	1.0	2	meanpool	onehot	0.769231	0.526374	2.3899999999999997	meanpool__onehot
n16_h1_r2	16	1.0	2	meanpool	esm2_t12_35M_UR50D	0.769231	0.502747	18.01	meanpool__esm2_t12_35M_UR50D
n16_h1_r2	16	1.0	2	pea	onehot	0.230769	0.114286	3.8499999999999996	pea__onehot
n16_h1_r2	16	1.0	2	pea	esm2_t12_35M_UR50D	0.153846	0.046154	19.91	pea__esm2_t12_35M_UR50D
n16_h1_r2	16	1.0	2	msaresid_mafft	onehot	0.076923	0.013187	4.52	msaresid_mafft__onehot
n16_h1_r2	16	1.0	2	msaresid_mafft	esm2_t12_35M_UR50D	0.230769	0.084066	20.02	msaresid_mafft__esm2_t12_35M_UR50D
n16_h1_r2	16	1.0	2	msaresid_true	onehot	0.076923	0.013187	2.51	msaresid_true__onehot
n16_h1_r2	16	1.0	2	msaresid_true	esm2_t12_35M_UR50D	0.153846	0.037912	17.900000000000002	msaresid_true__esm2_t12_35M_UR50D
n16_h1_r2	16	1.0	2	ml	none	0.153846	0.037912	102.19999999999999	ml__none
n16_h1_r2	16	1.0	2	bionj	none	0.230769	0.070879	102.19999999999999	bionj__none
n16_h1_r2	16	1.0	2	kmer	none	0.153846	0.046154	0.53	kmer__none
n16_h1_r3	16	1.0	3	meanpool	onehot	0.538462	0.232418	2.58	meanpool__onehot
n16_h1_r3	16	1.0	3	meanpool	esm2_t12_35M_UR50D	0.615385	0.406044	24.27	meanpool__esm2_t12_35M_UR50D
n16_h1_r3	16	1.0	3	pea	onehot	0.230769	0.193407	3.82	pea__onehot
n16_h1_r3	16	1.0	3	pea	esm2_t12_35M_UR50D	0.153846	0.068681	26.46	pea__esm2_t12_35M_UR50D
n16_h1_r3	16	1.0	3	msaresid_mafft	onehot	0.153846	0.068681	4.49	msaresid_mafft__onehot
n16_h1_r3	16	1.0	3	msaresid_mafft	esm2_t12_35M_UR50D	0.153846	0.068681	26.18	msaresid_mafft__esm2_t12_35M_UR50D
n16_h1_r3	16	1.0	3	msaresid_true	onehot	0.153846	0.086264	1.94	msaresid_true__onehot
n16_h1_r3	16	1.0	3	msaresid_true	esm2_t12_35M_UR50D	0.153846	0.068681	24.1	msaresid_true__esm2_t12_35M_UR50D
n16_h1_r3	16	1.0	3	ml	none	0.076923	0.007143	138.70999999999998	ml__none
n16_h1_r3	16	1.0	3	bionj	none	0.230769	0.075824	138.70999999999998	bionj__none
n16_h1_r3	16	1.0	3	kmer	none	0.153846	0.07967	0.74	kmer__none
n16_h1_r4	16	1.0	4	meanpool	onehot	0.307692	0.099451	3.17	meanpool__onehot
n16_h1_r4	16	1.0	4	meanpool	esm2_t12_35M_UR50D	0.230769	0.102747	20.98	meanpool__esm2_t12_35M_UR50D
n16_h1_r4	16	1.0	4	pea	onehot	0.230769	0.101648	4.23	pea__onehot
n16_h1_r4	16	1.0	4	pea	esm2_t12_35M_UR50D	0.153846	0.042308	23.8	pea__esm2_t12_35M_UR50D
n16_h1_r4	16	1.0	4	msaresid_mafft	onehot	0.307692	0.095055	3.3	msaresid_mafft__onehot
n16_h1_r4	16	1.0	4	msaresid_mafft	esm2_t12_35M_UR50D	0.153846	0.042308	22.1	msaresid_mafft__esm2_t12_35M_UR50D
n16_h1_r4	16	1.0	4	msaresid_true	onehot	0.230769	0.081868	2.37	msaresid_true__onehot
n16_h1_r4	16	1.0	4	msaresid_true	esm2_t12_35M_UR50D	0.153846	0.042308	20.82	msaresid_true__esm2_t12_35M_UR50D
n16_h1_r4	16	1.0	4	ml	none	0.153846	0.072527	86.56	ml__none
n16_h1_r4	16	1.0	4	bionj	none	0.230769	0.070879	86.56	bionj__none
n16_h1_r4	16	1.0	4	kmer	none	0.153846	0.042308	0.84	kmer__none
n16_h1_r5	16	1.0	5	meanpool	onehot	0.307692	0.112637	2.44	meanpool__onehot
n16_h1_r5	16	1.0	5	meanpool	esm2_t12_35M_UR50D	0.615385	0.262088	15.4	meanpool__esm2_t12_35M_UR50D
n16_h1_r5	16	1.0	5	pea	onehot	0.076923	0.013187	4.46	pea__onehot
n16_h1_r5	16	1.0	5	pea	esm2_t12_35M_UR50D	0.076923	0.013187	17.36	pea__esm2_t12_35M_UR50D
n16_h1_r5	16	1.0	5	msaresid_mafft	onehot	0.153846	0.031319	3.51	msaresid_mafft__onehot
n16_h1_r5	16	1.0	5	msaresid_mafft	esm2_t12_35M_UR50D	0.153846	0.02033	16.689999999999998	msaresid_mafft__esm2_t12_35M_UR50D
n16_h1_r5	16	1.0	5	msaresid_true	onehot	0.153846	0.031319	3.5900000000000003	msaresid_true__onehot
n16_h1_r5	16	1.0	5	msaresid_true	esm2_t12_35M_UR50D	0.153846	0.02033	14.95	msaresid_true__esm2_t12_35M_UR50D
n16_h1_r5	16	1.0	5	ml	none	0.307692	0.098352	57.33	ml__none
n16_h1_r5	16	1.0	5	bionj	none	0.384615	0.181319	57.33	bionj__none
n16_h1_r5	16	1.0	5	kmer	none	0.153846	0.083516	0.68	kmer__none
n16_h1_r6	16	1.0	6	meanpool	onehot	0.769231	0.497253	2.56	meanpool__onehot
n16_h1_r6	16	1.0	6	meanpool	esm2_t12_35M_UR50D	0.538462	0.262088	19.64	meanpool__esm2_t12_35M_UR50D
n16_h1_r6	16	1.0	6	pea	onehot	0.307692	0.122527	4.0	pea__onehot
n16_h1_r6	16	1.0	6	pea	esm2_t12_35M_UR50D	0.307692	0.099451	22.39	pea__esm2_t12_35M_UR50D
n16_h1_r6	16	1.0	6	msaresid_mafft	onehot	0.153846	0.04011	5.9	msaresid_mafft__onehot
n16_h1_r6	16	1.0	6	msaresid_mafft	esm2_t12_35M_UR50D	0.307692	0.099451	22.46	msaresid_mafft__esm2_t12_35M_UR50D
n16_h1_r6	16	1.0	6	msaresid_true	onehot	0.0	0.0	2.59	msaresid_true__onehot
n16_h1_r6	16	1.0	6	msaresid_true	esm2_t12_35M_UR50D	0.307692	0.099451	19.77	msaresid_true__esm2_t12_35M_UR50D
n16_h1_r6	16	1.0	6	ml	none	0.230769	0.062088	104.35	ml__none
n16_h1_r6	16	1.0	6	bionj	none	0.153846	0.037912	104.35	bionj__none
n16_h1_r6	16	1.0	6	kmer	none	0.230769	0.086264	0.75	kmer__none
n16_h1_r7	16	1.0	7	meanpool	onehot	0.769231	0.328571	2.51	meanpool__onehot
n16_h1_r7	16	1.0	7	meanpool	esm2_t12_35M_UR50D	0.384615	0.198352	15.809999999999999	meanpool__esm2_t12_35M_UR50D
n16_h1_r7	16	1.0	7	pea	onehot	0.153846	0.031319	4.09	pea__onehot
n16_h1_r7	16	1.0	7	pea	esm2_t12_35M_UR50D	0.153846	0.031319	17.689999999999998	pea__esm2_t12_35M_UR50D
n16_h1_r7	16	1.0	7	msaresid_mafft	onehot	0.230769	0.044505	7.3	msaresid_mafft__onehot
n16_h1_r7	16	1.0	7	msaresid_mafft	esm2_t12_35M_UR50D	0.153846	0.031319	17.93	msaresid_mafft__esm2_t12_35M_UR50D
n16_h1_r7	16	1.0	7	msaresid_true	onehot	0.153846	0.031319	2.96	msaresid_true__onehot
n16_h1_r7	16	1.0	7	msaresid_true	esm2_t12_35M_UR50D	0.153846	0.031319	16.05	msaresid_true__esm2_t12_35M_UR50D
n16_h1_r7	16	1.0	7	ml	none	0.076923	0.024176	125.22	ml__none
n16_h1_r7	16	1.0	7	bionj	none	0.307692	0.07033	125.22	bionj__none
n16_h1_r7	16	1.0	7	kmer	none	0.307692	0.187363	0.72	kmer__none
n16_h1_r8	16	1.0	8	meanpool	onehot	0.615385	0.247253	1.94	meanpool__onehot
n16_h1_r8	16	1.0	8	meanpool	esm2_t12_35M_UR50D	0.384615	0.087363	15.18	meanpool__esm2_t12_35M_UR50D
n16_h1_r8	16	1.0	8	pea	onehot	0.076923	0.007143	3.67	pea__onehot
n16_h1_r8	16	1.0	8	pea	esm2_t12_35M_UR50D	0.0	0.0	17.369999999999997	pea__esm2_t12_35M_UR50D
n16_h1_r8	16	1.0	8	msaresid_mafft	onehot	0.0	0.0	4.970000000000001	msaresid_mafft__onehot
n16_h1_r8	16	1.0	8	msaresid_mafft	esm2_t12_35M_UR50D	0.0	0.0	18.07	msaresid_mafft__esm2_t12_35M_UR50D
n16_h1_r8	16	1.0	8	msaresid_true	onehot	0.0	0.0	2.75	msaresid_true__onehot
n16_h1_r8	16	1.0	8	msaresid_true	esm2_t12_35M_UR50D	0.0	0.0	15.26	msaresid_true__esm2_t12_35M_UR50D
n16_h1_r8	16	1.0	8	ml	none	0.0	0.0	129.25	ml__none
n16_h1_r8	16	1.0	8	bionj	none	0.230769	0.064835	129.25	bionj__none
n16_h1_r8	16	1.0	8	kmer	none	0.0	0.0	0.78	kmer__none
n16_h1_r9	16	1.0	9	meanpool	onehot	0.538462	0.374176	3.1	meanpool__onehot
n16_h1_r9	16	1.0	9	meanpool	esm2_t12_35M_UR50D	0.461538	0.273077	15.31	meanpool__esm2_t12_35M_UR50D
n16_h1_r9	16	1.0	9	pea	onehot	0.076923	0.013187	4.12	pea__onehot
n16_h1_r9	16	1.0	9	pea	esm2_t12_35M_UR50D	0.153846	0.037363	17.57	pea__esm2_t12_35M_UR50D
n16_h1_r9	16	1.0	9	msaresid_mafft	onehot	0.076923	0.013187	3.6999999999999997	msaresid_mafft__onehot
n16_h1_r9	16	1.0	9	msaresid_mafft	esm2_t12_35M_UR50D	0.153846	0.037363	16.990000000000002	msaresid_mafft__esm2_t12_35M_UR50D
n16_h1_r9	16	1.0	9	msaresid_true	onehot	0.076923	0.013187	2.44	msaresid_true__onehot
n16_h1_r9	16	1.0	9	msaresid_true	esm2_t12_35M_UR50D	0.153846	0.037363	15.870000000000001	msaresid_true__esm2_t12_35M_UR50D
n16_h1_r9	16	1.0	9	ml	none	0.153846	0.031319	121.39999999999999	ml__none
n16_h1_r9	16	1.0	9	bionj	none	0.230769	0.038462	121.39999999999999	bionj__none
n16_h1_r9	16	1.0	9	kmer	none	0.153846	0.037363	0.49	kmer__none
n16_h1_r10	16	1.0	10	meanpool	onehot	0.769231	0.536264	3.0	meanpool__onehot
n16_h1_r10	16	1.0	10	meanpool	esm2_t12_35M_UR50D	0.692308	0.315385	16.5	meanpool__esm2_t12_35M_UR50D
n16_h1_r10	16	1.0	10	pea	onehot	0.230769	0.119231	4.65	pea__onehot
n16_h1_r10	16	1.0	10	pea	esm2_t12_35M_UR50D	0.230769	0.033516	18.57	pea__esm2_t12_35M_UR50D
n16_h1_r10	16	1.0	10	msaresid_mafft	onehot	0.307692	0.145604	5.15	msaresid_mafft__onehot
n16_h1_r10	16	1.0	10	msaresid_mafft	esm2_t12_35M_UR50D	0.230769	0.033516	18.5	msaresid_mafft__esm2_t12_35M_UR50D
n16_h1_r10	16	1.0	10	msaresid_true	onehot	0.307692	0.145604	2.94	msaresid_true__onehot
n16_h1_r10	16	1.0	10	msaresid_true	esm2_t12_35M_UR50D	0.307692	0.066484	16.52	msaresid_true__esm2_t12_35M_UR50D
n16_h1_r10	16	1.0	10	ml	none	0.307692	0.145604	80.04	ml__none
n16_h1_r10	16	1.0	10	bionj	none	0.307692	0.145604	80.04	bionj__none
n16_h1_r10	16	1.0	10	kmer	none	0.307692	0.145604	0.6	kmer__none
n16_h1_r11	16	1.0	11	meanpool	onehot	0.538462	0.223626	4.39	meanpool__onehot
n16_h1_r11	16	1.0	11	meanpool	esm2_t12_35M_UR50D	0.384615	0.168681	21.599999999999998	meanpool__esm2_t12_35M_UR50D
n16_h1_r11	16	1.0	11	pea	onehot	0.230769	0.064286	4.68	pea__onehot
n16_h1_r11	16	1.0	11	pea	esm2_t12_35M_UR50D	0.076923	0.013187	24.029999999999998	pea__esm2_t12_35M_UR50D
n16_h1_r11	16	1.0	11	msaresid_mafft	onehot	0.153846	0.031319	3.46	msaresid_mafft__onehot
n16_h1_r11	16	1.0	11	msaresid_mafft	esm2_t12_35M_UR50D	0.076923	0.013187	23.12	msaresid_mafft__esm2_t12_35M_UR50D
n16_h1_r11	16	1.0	11	msaresid_true	onehot	0.153846	0.057143	2.57	msaresid_true__onehot
n16_h1_r11	16	1.0	11	msaresid_true	esm2_t12_35M_UR50D	0.076923	0.013187	21.91	msaresid_true__esm2_t12_35M_UR50D
n16_h1_r11	16	1.0	11	ml	none	0.230769	0.081868	102.99000000000001	ml__none
n16_h1_r11	16	1.0	11	bionj	none	0.153846	0.068681	102.99000000000001	bionj__none
n16_h1_r11	16	1.0	11	kmer	none	0.076923	0.013187	0.82	kmer__none
n16_h1_r12	16	1.0	12	meanpool	onehot	0.615385	0.291209	2.9299999999999997	meanpool__onehot
n16_h1_r12	16	1.0	12	meanpool	esm2_t12_35M_UR50D	0.615385	0.368681	18.12	meanpool__esm2_t12_35M_UR50D
n16_h1_r12	16	1.0	12	pea	onehot	0.076923	0.079121	4.85	pea__onehot
n16_h1_r12	16	1.0	12	pea	esm2_t12_35M_UR50D	0.0	0.0	20.5	pea__esm2_t12_35M_UR50D
n16_h1_r12	16	1.0	12	msaresid_mafft	onehot	0.0	0.0	7.120000000000001	msaresid_mafft__onehot
n16_h1_r12	16	1.0	12	msaresid_mafft	esm2_t12_35M_UR50D	0.0	0.0	21.090000000000003	msaresid_mafft__esm2_t12_35M_UR50D
n16_h1_r12	16	1.0	12	msaresid_true	onehot	0.076923	0.079121	3.34	msaresid_true__onehot
n16_h1_r12	16	1.0	12	msaresid_true	esm2_t12_35M_UR50D	0.153846	0.051099	18.28	msaresid_true__esm2_t12_35M_UR50D
n16_h1_r12	16	1.0	12	ml	none	0.0	0.0	152.79	ml__none
n16_h1_r12	16	1.0	12	bionj	none	0.076923	0.043956	152.79	bionj__none
n16_h1_r12	16	1.0	12	kmer	none	0.076923	0.013187	1.78	kmer__none
n16_h1_r13	16	1.0	13	meanpool	onehot	0.538462	0.187912	2.16	meanpool__onehot
n16_h1_r13	16	1.0	13	meanpool	esm2_t12_35M_UR50D	0.538462	0.200549	12.86	meanpool__esm2_t12_35M_UR50D
n16_h1_r13	16	1.0	13	pea	onehot	0.076923	0.043956	3.97	pea__onehot
n16_h1_r13	16	1.0	13	pea	esm2_t12_35M_UR50D	0.0	0.0	14.52	pea__esm2_t12_35M_UR50D
n16_h1_r13	16	1.0	13	msaresid_mafft	onehot	0.076923	0.043956	4.59	msaresid_mafft__onehot
n16_h1_r13	16	1.0	13	msaresid_mafft	esm2_t12_35M_UR50D	0.076923	0.043956	14.71	msaresid_mafft__esm2_t12_35M_UR50D
n16_h1_r13	16	1.0	13	msaresid_true	onehot	0.076923	0.043956	2.32	msaresid_true__onehot
n16_h1_r13	16	1.0	13	msaresid_true	esm2_t12_35M_UR50D	0.076923	0.043956	12.89	msaresid_true__esm2_t12_35M_UR50D
n16_h1_r13	16	1.0	13	ml	none	0.153846	0.065934	114.13	ml__none
n16_h1_r13	16	1.0	13	bionj	none	0.153846	0.057143	114.13	bionj__none
n16_h1_r13	16	1.0	13	kmer	none	0.230769	0.048352	0.55	kmer__none
n16_h1_r14	16	1.0	14	meanpool	onehot	0.230769	0.185165	3.47	meanpool__onehot
n16_h1_r14	16	1.0	14	meanpool	esm2_t12_35M_UR50D	0.307692	0.148352	21.17	meanpool__esm2_t12_35M_UR50D
n16_h1_r14	16	1.0	14	pea	onehot	0.076923	0.007143	3.77	pea__onehot
n16_h1_r14	16	1.0	14	pea	esm2_t12_35M_UR50D	0.076923	0.007143	22.71	pea__esm2_t12_35M_UR50D
n16_h1_r14	16	1.0	14	msaresid_mafft	onehot	0.076923	0.007143	5.720000000000001	msaresid_mafft__onehot
n16_h1_r14	16	1.0	14	msaresid_mafft	esm2_t12_35M_UR50D	0.076923	0.007143	24.82	msaresid_mafft__esm2_t12_35M_UR50D
n16_h1_r14	16	1.0	14	msaresid_true	onehot	0.0	0.0	1.87	msaresid_true__onehot
n16_h1_r14	16	1.0	14	msaresid_true	esm2_t12_35M_UR50D	0.076923	0.007143	21.26	msaresid_true__esm2_t12_35M_UR50D
n16_h1_r14	16	1.0	14	ml	none	0.0	0.0	119.16	ml__none
n16_h1_r14	16	1.0	14	bionj	none	0.230769	0.086813	119.16	bionj__none
n16_h1_r14	16	1.0	14	kmer	none	0.153846	0.117033	1.09	kmer__none
n16_h1_r15	16	1.0	15	meanpool	onehot	0.769231	0.348352	2.46	meanpool__onehot
n16_h1_r15	16	1.0	15	meanpool	esm2_t12_35M_UR50D	0.538462	0.358791	15.15	meanpool__esm2_t12_35M_UR50D
n16_h1_r15	16	1.0	15	pea	onehot	0.076923	0.024176	4.11	pea__onehot
n16_h1_r15	16	1.0	15	pea	esm2_t12_35M_UR50D	0.153846	0.09011	16.810000000000002	pea__esm2_t12_35M_UR50D
n16_h1_r15	16	1.0	15	msaresid_mafft	onehot	0.076923	0.024176	4.64	msaresid_mafft__onehot
n16_h1_r15	16	1.0	15	msaresid_mafft	esm2_t12_35M_UR50D	0.0	0.0	16.95	msaresid_mafft__esm2_t12_35M_UR50D
n16_h1_r15	16	1.0	15	msaresid_true	onehot	0.230769	0.108242	2.92	msaresid_true__onehot
n16_h1_r15	16	1.0	15	msaresid_true	esm2_t12_35M_UR50D	0.0	0.0	15.190000000000001	msaresid_true__esm2_t12_35M_UR50D
n16_h1_r15	16	1.0	15	ml	none	0.076923	0.024176	80.79	ml__none
n16_h1_r15	16	1.0	15	bionj	none	0.076923	0.098901	80.79	bionj__none
n16_h1_r15	16	1.0	15	kmer	none	0.076923	0.098901	0.92	kmer__none
n16_h1_r16	16	1.0	16	meanpool	onehot	0.538462	0.295055	2.71	meanpool__onehot
n16_h1_r16	16	1.0	16	meanpool	esm2_t12_35M_UR50D	0.230769	0.021429	21.349999999999998	meanpool__esm2_t12_35M_UR50D
n16_h1_r16	16	1.0	16	pea	onehot	0.0	0.0	3.73	pea__onehot
n16_h1_r16	16	1.0	16	pea	esm2_t12_35M_UR50D	0.0	0.0	23.65	pea__esm2_t12_35M_UR50D
n16_h1_r16	16	1.0	16	msaresid_mafft	onehot	0.0	0.0	3.57	msaresid_mafft__onehot
n16_h1_r16	16	1.0	16	msaresid_mafft	esm2_t12_35M_UR50D	0.0	0.0	23.009999999999998	msaresid_mafft__esm2_t12_35M_UR50D
n16_h1_r16	16	1.0	16	msaresid_true	onehot	0.0	0.0	2.2199999999999998	msaresid_true__onehot
n16_h1_r16	16	1.0	16	msaresid_true	esm2_t12_35M_UR50D	0.0	0.0	21.459999999999997	msaresid_true__esm2_t12_35M_UR50D
n16_h1_r16	16	1.0	16	ml	none	0.0	0.0	107.75	ml__none
n16_h1_r16	16	1.0	16	bionj	none	0.076923	0.007143	107.75	bionj__none
n16_h1_r16	16	1.0	16	kmer	none	0.0	0.0	0.71	kmer__none
n16_h1_r17	16	1.0	17	meanpool	onehot	0.461538	0.303297	2.13	meanpool__onehot
n16_h1_r17	16	1.0	17	meanpool	esm2_t12_35M_UR50D	0.461538	0.218681	14.239999999999998	meanpool__esm2_t12_35M_UR50D
n16_h1_r17	16	1.0	17	pea	onehot	0.153846	0.117033	4.67	pea__onehot
n16_h1_r17	16	1.0	17	pea	esm2_t12_35M_UR50D	0.230769	0.135165	16.419999999999998	pea__esm2_t12_35M_UR50D
n16_h1_r17	16	1.0	17	msaresid_mafft	onehot	0.230769	0.135165	3.92	msaresid_mafft__onehot
n16_h1_r17	16	1.0	17	msaresid_mafft	esm2_t12_35M_UR50D	0.230769	0.135165	16.43	msaresid_mafft__esm2_t12_35M_UR50D
n16_h1_r17	16	1.0	17	msaresid_true	onehot	0.153846	0.025275	2.13	msaresid_true__onehot
n16_h1_r17	16	1.0	17	msaresid_true	esm2_t12_35M_UR50D	0.307692	0.168132	14.389999999999999	msaresid_true__esm2_t12_35M_UR50D
n16_h1_r17	16	1.0	17	ml	none	0.153846	0.025275	83.10000000000001	ml__none
n16_h1_r17	16	1.0	17	bionj	none	0.307692	0.154396	83.10000000000001	bionj__none
n16_h1_r17	16	1.0	17	kmer	none	0.153846	0.025275	0.68	kmer__none
n16_h1_r18	16	1.0	18	meanpool	onehot	0.692308	0.460989	2.76	meanpool__onehot
n16_h1_r18	16	1.0	18	meanpool	esm2_t12_35M_UR50D	0.692308	0.392857	14.6	meanpool__esm2_t12_35M_UR50D
n16_h1_r18	16	1.0	18	pea	onehot	0.307692	0.147802	3.7399999999999998	pea__onehot
n16_h1_r18	16	1.0	18	pea	esm2_t12_35M_UR50D	0.384615	0.142308	16.05	pea__esm2_t12_35M_UR50D
n16_h1_r18	16	1.0	18	msaresid_mafft	onehot	0.153846	0.068132	4.76	msaresid_mafft__onehot
n16_h1_r18	16	1.0	18	msaresid_mafft	esm2_t12_35M_UR50D	0.307692	0.103846	16.689999999999998	msaresid_mafft__esm2_t12_35M_UR50D
n16_h1_r18	16	1.0	18	msaresid_true	onehot	0.461538	0.208242	2.34	msaresid_true__onehot
n16_h1_r18	16	1.0	18	msaresid_true	esm2_t12_35M_UR50D	0.538462	0.168132	14.719999999999999	msaresid_true__esm2_t12_35M_UR50D
n16_h1_r18	16	1.0	18	ml	none	0.153846	0.057143	94.72	ml__none
n16_h1_r18	16	1.0	18	bionj	none	0.153846	0.062088	94.72	bionj__none
n16_h1_r18	16	1.0	18	kmer	none	0.615385	0.227473	1.61	kmer__none
n16_h1_r19	16	1.0	19	meanpool	onehot	0.538462	0.304945	1.83	meanpool__onehot
n16_h1_r19	16	1.0	19	meanpool	esm2_t12_35M_UR50D	0.384615	0.126374	15.33	meanpool__esm2_t12_35M_UR50D
n16_h1_r19	16	1.0	19	pea	onehot	0.153846	0.014286	5.13	pea__onehot
n16_h1_r19	16	1.0	19	pea	esm2_t12_35M_UR50D	0.230769	0.027473	17.259999999999998	pea__esm2_t12_35M_UR50D
n16_h1_r19	16	1.0	19	msaresid_mafft	onehot	0.076923	0.092308	4.71	msaresid_mafft__onehot
n16_h1_r19	16	1.0	19	msaresid_mafft	esm2_t12_35M_UR50D	0.153846	0.02033	16.88	msaresid_mafft__esm2_t12_35M_UR50D
n16_h1_r19	16	1.0	19	msaresid_true	onehot	0.153846	0.099451	2.5300000000000002	msaresid_true__onehot
n16_h1_r19	16	1.0	19	msaresid_true	esm2_t12_35M_UR50D	0.153846	0.02033	15.209999999999999	msaresid_true__esm2_t12_35M_UR50D
n16_h1_r19	16	1.0	19	ml	none	0.076923	0.092308	81.29	ml__none
n16_h1_r19	16	1.0	19	bionj	none	0.153846	0.099451	81.29	bionj__none
n16_h1_r19	16	1.0	19	kmer	none	0.230769	0.027473	0.65	kmer__none
n16_h2_r0	16	2.0	0	meanpool	onehot	0.692308	0.381319	2.09	meanpool__onehot
n16_h2_r0	16	2.0	0	meanpool	esm2_t12_35M_UR50D	0.769231	0.497253	22.97	meanpool__esm2_t12_35M_UR50D
n16_h2_r0	16	2.0	0	pea	onehot	0.076923	0.007143	3.8400000000000003	pea__onehot
n16_h2_r0	16	2.0	0	pea	esm2_t12_35M_UR50D	0.076923	0.092308	24.46	pea__esm2_t12_35M_UR50D
n16_h2_r0	16	2.0	0	msaresid_mafft	onehot	0.153846	0.210989	3.5300000000000002	msaresid_mafft__onehot
n16_h2_r0	16	2.0	0	msaresid_mafft	esm2_t12_35M_UR50D	0.076923	0.092308	24.8	msaresid_mafft__esm2_t12_35M_UR50D
n16_h2_r0	16	2.0	0	msaresid_true	onehot	0.076923	0.007143	2.0	msaresid_true__onehot
n16_h2_r0	16	2.0	0	msaresid_true	esm2_t12_35M_UR50D	0.076923	0.092308	23.060000000000002	msaresid_true__esm2_t12_35M_UR50D
n16_h2_r0	16	2.0	0	ml	none	0.076923	0.013187	94.99000000000001	ml__none
n16_h2_r0	16	2.0	0	bionj	none	0.153846	0.210989	94.99000000000001	bionj__none
n16_h2_r0	16	2.0	0	kmer	none	0.153846	0.099451	0.71	kmer__none
n16_h2_r1	16	2.0	1	meanpool	onehot	0.538462	0.452747	2.76	meanpool__onehot
n16_h2_r1	16	2.0	1	meanpool	esm2_t12_35M_UR50D	0.615385	0.335165	22.88	meanpool__esm2_t12_35M_UR50D
n16_h2_r1	16	2.0	1	pea	onehot	0.384615	0.234615	3.4	pea__onehot
n16_h2_r1	16	2.0	1	pea	esm2_t12_35M_UR50D	0.230769	0.13022	25.869999999999997	pea__esm2_t12_35M_UR50D
n16_h2_r1	16	2.0	1	msaresid_mafft	onehot	0.076923	0.032967	6.33	msaresid_mafft__onehot
n16_h2_r1	16	2.0	1	msaresid_mafft	esm2_t12_35M_UR50D	0.153846	0.117033	25.92	msaresid_mafft__esm2_t12_35M_UR50D
n16_h2_r1	16	2.0	1	msaresid_true	onehot	0.384615	0.180769	2.4400000000000004	msaresid_true__onehot
n16_h2_r1	16	2.0	1	msaresid_true	esm2_t12_35M_UR50D	0.076923	0.013187	22.81	msaresid_true__esm2_t12_35M_UR50D
n16_h2_r1	16	2.0	1	ml	none	0.307692	0.157143	147.75	ml__none
n16_h2_r1	16	2.0	1	bionj	none	0.307692	0.176923	147.75	bionj__none
n16_h2_r1	16	2.0	1	kmer	none	0.461538	0.323077	0.8	kmer__none
n16_h2_r2	16	2.0	2	meanpool	onehot	0.769231	0.543956	3.09	meanpool__onehot
n16_h2_r2	16	2.0	2	meanpool	esm2_t12_35M_UR50D	0.846154	0.619231	13.14	meanpool__esm2_t12_35M_UR50D
n16_h2_r2	16	2.0	2	pea	onehot	0.076923	0.007143	3.62	pea__onehot
n16_h2_r2	16	2.0	2	pea	esm2_t12_35M_UR50D	0.230769	0.160989	15.39	pea__esm2_t12_35M_UR50D
n16_h2_r2	16	2.0	2	msaresid_mafft	onehot	0.307692	0.248901	6.34	msaresid_mafft__onehot
n16_h2_r2	16	2.0	2	msaresid_mafft	esm2_t12_35M_UR50D	0.230769	0.073077	15.870000000000001	msaresid_mafft__esm2_t12_35M_UR50D
n16_h2_r2	16	2.0	2	msaresid_true	onehot	0.307692	0.248901	2.5300000000000002	msaresid_true__onehot
n16_h2_r2	16	2.0	2	msaresid_true	esm2_t12_35M_UR50D	0.230769	0.099451	13.200000000000001	msaresid_true__esm2_t12_35M_UR50D
n16_h2_r2	16	2.0	2	ml	none	0.230769	0.099451	92.88	ml__none
n16_h2_r2	16	2.0	2	bionj	none	0.230769	0.182967	92.88	bionj__none
n16_h2_r2	16	2.0	2	kmer	none	0.461538	0.310989	0.55	kmer__none
n16_h2_r3	16	2.0	3	meanpool	onehot	0.384615	0.106593	2.18	meanpool__onehot
n16_h2_r3	16	2.0	3	meanpool	esm2_t12_35M_UR50D	0.230769	0.108242	16.92	meanpool__esm2_t12_35M_UR50D
n16_h2_r3	16	2.0	3	pea	onehot	0.076923	0.032967	3.5300000000000002	pea__onehot
n16_h2_r3	16	2.0	3	pea	esm2_t12_35M_UR50D	0.0	0.0	18.830000000000002	pea__esm2_t12_35M_UR50D
n16_h2_r3	16	2.0	3	msaresid_mafft	onehot	0.0	0.0	4.640000000000001	msaresid_mafft__onehot
n16_h2_r3	16	2.0	3	msaresid_mafft	esm2_t12_35M_UR50D	0.0	0.0	19.01	msaresid_mafft__esm2_t12_35M_UR50D
n16_h2_r3	16	2.0	3	msaresid_true	onehot	0.153846	0.072527	2.18	msaresid_true__onehot
n16_h2_r3	16	2.0	3	msaresid_true	esm2_t12_35M_UR50D	0.0	0.0	16.92	msaresid_true__esm2_t12_35M_UR50D
n16_h2_r3	16	2.0	3	ml	none	0.230769	0.085714	78.49	ml__none
n16_h2_r3	16	2.0	3	bionj	none	0.384615	0.143407	78.49	bionj__none
n16_h2_r3	16	2.0	3	kmer	none	0.153846	0.072527	0.69	kmer__none
n16_h2_r4	16	2.0	4	meanpool	onehot	0.769231	0.467033	3.05	meanpool__onehot
n16_h2_r4	16	2.0	4	meanpool	esm2_t12_35M_UR50D	0.615385	0.444505	24.98	meanpool__esm2_t12_35M_UR50D
n16_h2_r4	16	2.0	4	pea	onehot	0.384615	0.281868	6.36	pea__onehot
n16_h2_r4	16	2.0	4	pea	esm2_t12_35M_UR50D	0.384615	0.184615	27.72	pea__esm2_t12_35M_UR50D
n16_h2_r4	16	2.0	4	msaresid_mafft	onehot	0.307692	0.134066	5.380000000000001	msaresid_mafft__onehot
n16_h2_r4	16	2.0	4	msaresid_mafft	esm2_t12_35M_UR50D	0.461538	0.182418	27.02	msaresid_mafft__esm2_t12_35M_UR50D
n16_h2_r4	16	2.0	4	msaresid_true	onehot	0.384615	0.221978	4.85	msaresid_true__onehot
n16_h2_r4	16	2.0	4	msaresid_true	esm2_t12_35M_UR50D	0.307692	0.103297	24.919999999999998	msaresid_true__esm2_t12_35M_UR50D
n16_h2_r4	16	2.0	4	ml	none	0.461538	0.226374	150.92	ml__none
n16_h2_r4	16	2.0	4	bionj	none	0.384615	0.147253	150.92	bionj__none
n16_h2_r4	16	2.0	4	kmer	none	0.461538	0.345604	0.71	kmer__none
n16_h2_r5	16	2.0	5	meanpool	onehot	0.538462	0.275275	2.36	meanpool__onehot
n16_h2_r5	16	2.0	5	meanpool	esm2_t12_35M_UR50D	0.615385	0.351099	13.83	meanpool__esm2_t12_35M_UR50D
n16_h2_r5	16	2.0	5	pea	onehot	0.384615	0.237363	3.0700000000000003	pea__onehot
n16_h2_r5	16	2.0	5	pea	esm2_t12_35M_UR50D	0.307692	0.123077	15.52	pea__esm2_t12_35M_UR50D
n16_h2_r5	16	2.0	5	msaresid_mafft	onehot	0.153846	0.031319	4.73	msaresid_mafft__onehot
n16_h2_r5	16	2.0	5	msaresid_mafft	esm2_t12_35M_UR50D	0.153846	0.057143	16.720000000000002	msaresid_mafft__esm2_t12_35M_UR50D
n16_h2_r5	16	2.0	5	msaresid_true	onehot	0.307692	0.174176	2.99	msaresid_true__onehot
n16_h2_r5	16	2.0	5	msaresid_true	esm2_t12_35M_UR50D	0.153846	0.057143	14.280000000000001	msaresid_true__esm2_t12_35M_UR50D
n16_h2_r5	16	2.0	5	ml	none	0.230769	0.075275	134.14000000000001	ml__none
n16_h2_r5	16	2.0	5	bionj	none	0.076923	0.013187	134.14000000000001	bionj__none
n16_h2_r5	16	2.0	5	kmer	none	0.307692	0.132418	0.57	kmer__none
n16_h2_r6	16	2.0	6	meanpool	onehot	0.538462	0.289011	1.9500000000000002	meanpool__onehot
n16_h2_r6	16	2.0	6	meanpool	esm2_t12_35M_UR50D	0.384615	0.24011	13.989999999999998	meanpool__esm2_t12_35M_UR50D
n16_h2_r6	16	2.0	6	pea	onehot	0.153846	0.134066	4.66	pea__onehot
n16_h2_r6	16	2.0	6	pea	esm2_t12_35M_UR50D	0.153846	0.134066	15.61	pea__esm2_t12_35M_UR50D
n16_h2_r6	16	2.0	6	msaresid_mafft	onehot	0.153846	0.134066	5.86	msaresid_mafft__onehot
n16_h2_r6	16	2.0	6	msaresid_mafft	esm2_t12_35M_UR50D	0.153846	0.134066	17.209999999999997	msaresid_mafft__esm2_t12_35M_UR50D
n16_h2_r6	16	2.0	6	msaresid_true	onehot	0.153846	0.037363	3.0500000000000003	msaresid_true__onehot
n16_h2_r6	16	2.0	6	msaresid_true	esm2_t12_35M_UR50D	0.076923	0.024176	14.489999999999998	msaresid_true__esm2_t12_35M_UR50D
n16_h2_r6	16	2.0	6	ml	none	0.153846	0.037363	85.73	ml__none
n16_h2_r6	16	2.0	6	bionj	none	0.230769	0.158242	85.73	bionj__none
n16_h2_r6	16	2.0	6	kmer	none	0.153846	0.134066	1.48	kmer__none
n16_h2_r7	16	2.0	7	meanpool	onehot	0.615385	0.291758	2.1799999999999997	meanpool__onehot
n16_h2_r7	16	2.0	7	meanpool	esm2_t12_35M_UR50D	0.692308	0.478571	22.83	meanpool__esm2_t12_35M_UR50D
n16_h2_r7	16	2.0	7	pea	onehot	0.230769	0.053846	3.2	pea__onehot
n16_h2_r7	16	2.0	7	pea	esm2_t12_35M_UR50D	0.230769	0.068681	25.060000000000002	pea__esm2_t12_35M_UR50D
n16_h2_r7	16	2.0	7	msaresid_mafft	onehot	0.076923	0.024725	4.9	msaresid_mafft__onehot
n16_h2_r7	16	2.0	7	msaresid_mafft	esm2_t12_35M_UR50D	0.230769	0.068681	23.85	msaresid_mafft__esm2_t12_35M_UR50D
n16_h2_r7	16	2.0	7	msaresid_true	onehot	0.076923	0.026923	2.38	msaresid_true__onehot
n16_h2_r7	16	2.0	7	msaresid_true	esm2_t12_35M_UR50D	0.230769	0.068681	22.53	msaresid_true__esm2_t12_35M_UR50D
n16_h2_r7	16	2.0	7	ml	none	0.384615	0.117582	70.75999999999999	ml__none
n16_h2_r7	16	2.0	7	bionj	none	0.461538	0.142857	70.75999999999999	bionj__none
n16_h2_r7	16	2.0	7	kmer	none	0.307692	0.095604	0.97	kmer__none
n16_h2_r8	16	2.0	8	meanpool	onehot	0.461538	0.218132	1.88	meanpool__onehot
n16_h2_r8	16	2.0	8	meanpool	esm2_t12_35M_UR50D	0.307692	0.096154	13.620000000000001	meanpool__esm2_t12_35M_UR50D
n16_h2_r8	16	2.0	8	pea	onehot	0.153846	0.025275	5.0600000000000005	pea__onehot
n16_h2_r8	16	2.0	8	pea	esm2_t12_35M_UR50D	0.230769	0.087912	14.780000000000001	pea__esm2_t12_35M_UR50D
n16_h2_r8	16	2.0	8	msaresid_mafft	onehot	0.153846	0.043407	3.92	msaresid_mafft__onehot
n16_h2_r8	16	2.0	8	msaresid_mafft	esm2_t12_35M_UR50D	0.076923	0.013187	15.570000000000002	msaresid_mafft__esm2_t12_35M_UR50D
n16_h2_r8	16	2.0	8	msaresid_true	onehot	0.076923	0.032967	2.15	msaresid_true__onehot
n16_h2_r8	16	2.0	8	msaresid_true	esm2_t12_35M_UR50D	0.076923	0.013187	13.670000000000002	msaresid_true__esm2_t12_35M_UR50D
n16_h2_r8	16	2.0	8	ml	none	0.307692	0.134615	79.73	ml__none
n16_h2_r8	16	2.0	8	bionj	none	0.384615	0.108242	79.73	bionj__none
n16_h2_r8	16	2.0	8	kmer	none	0.076923	0.013187	1.29	kmer__none
n16_h2_r9	16	2.0	9	meanpool	onehot	0.230769	0.120879	2.3	meanpool__onehot
n16_h2_r9	16	2.0	9	meanpool	esm2_t12_35M_UR50D	0.769231	0.396154	14.43	meanpool__esm2_t12_35M_UR50D
n16_h2_r9	16	2.0	9	pea	onehot	0.153846	0.066484	5.2299999999999995	pea__onehot
n16_h2_r9	16	2.0	9	pea	esm2_t12_35M_UR50D	0.153846	0.031319	16.6	pea__esm2_t12_35M_UR50D
n16_h2_r9	16	2.0	9	msaresid_mafft	onehot	0.230769	0.070879	3.96	msaresid_mafft__onehot
n16_h2_r9	16	2.0	9	msaresid_mafft	esm2_t12_35M_UR50D	0.153846	0.031319	16.990000000000002	msaresid_mafft__esm2_t12_35M_UR50D
n16_h2_r9	16	2.0	9	msaresid_true	onehot	0.230769	0.038462	1.8800000000000001	msaresid_true__onehot
n16_h2_r9	16	2.0	9	msaresid_true	esm2_t12_35M_UR50D	0.076923	0.007143	14.969999999999999	msaresid_true__esm2_t12_35M_UR50D
n16_h2_r9	16	2.0	9	ml	none	0.384615	0.25989	211.10999999999999	ml__none
n16_h2_r9	16	2.0	9	bionj	none	0.461538	0.262637	211.10999999999999	bionj__none
n16_h2_r9	16	2.0	9	kmer	none	0.230769	0.070879	0.65	kmer__none
n16_h2_r10	16	2.0	10	meanpool	onehot	0.538462	0.343407	2.15	meanpool__onehot
n16_h2_r10	16	2.0	10	meanpool	esm2_t12_35M_UR50D	0.615385	0.314286	12.549999999999999	meanpool__esm2_t12_35M_UR50D
n16_h2_r10	16	2.0	10	pea	onehot	0.076923	0.057692	3.6900000000000004	pea__onehot
n16_h2_r10	16	2.0	10	pea	esm2_t12_35M_UR50D	0.153846	0.07967	14.36	pea__esm2_t12_35M_UR50D
n16_h2_r10	16	2.0	10	msaresid_mafft	onehot	0.076923	0.057692	3.95	msaresid_mafft__onehot
n16_h2_r10	16	2.0	10	msaresid_mafft	esm2_t12_35M_UR50D	0.153846	0.07967	14.259999999999998	msaresid_mafft__esm2_t12_35M_UR50D
n16_h2_r10	16	2.0	10	msaresid_true	onehot	0.461538	0.293407	2.55	msaresid_true__onehot
n16_h2_r10	16	2.0	10	msaresid_true	esm2_t12_35M_UR50D	0.307692	0.182967	12.639999999999999	msaresid_true__esm2_t12_35M_UR50D
n16_h2_r10	16	2.0	10	ml	none	0.230769	0.191758	56.83	ml__none
n16_h2_r10	16	2.0	10	bionj	none	0.153846	0.083516	56.83	bionj__none
n16_h2_r10	16	2.0	10	kmer	none	0.230769	0.173626	1.17	kmer__none
n16_h2_r11	16	2.0	11	meanpool	onehot	0.615385	0.261538	2.25	meanpool__onehot
n16_h2_r11	16	2.0	11	meanpool	esm2_t12_35M_UR50D	0.538462	0.267582	20.5	meanpool__esm2_t12_35M_UR50D
n16_h2_r11	16	2.0	11	pea	onehot	0.076923	0.024176	3.61	pea__onehot
n16_h2_r11	16	2.0	11	pea	esm2_t12_35M_UR50D	0.153846	0.037363	22.8	pea__esm2_t12_35M_UR50D
n16_h2_r11	16	2.0	11	msaresid_mafft	onehot	0.076923	0.024176	5.6	msaresid_mafft__onehot
n16_h2_r11	16	2.0	11	msaresid_mafft	esm2_t12_35M_UR50D	0.076923	0.024176	22.37	msaresid_mafft__esm2_t12_35M_UR50D
n16_h2_r11	16	2.0	11	msaresid_true	onehot	0.230769	0.151648	2.43	msaresid_true__onehot
n16_h2_r11	16	2.0	11	msaresid_true	esm2_t12_35M_UR50D	0.076923	0.024176	20.24	msaresid_true__esm2_t12_35M_UR50D
n16_h2_r11	16	2.0	11	ml	none	0.0	0.0	101.46	ml__none
n16_h2_r11	16	2.0	11	bionj	none	0.307692	0.145604	101.46	bionj__none
n16_h2_r11	16	2.0	11	kmer	none	0.153846	0.046154	0.78	kmer__none
n16_h2_r12	16	2.0	12	meanpool	onehot	0.769231	0.574725	3.38	meanpool__onehot
n16_h2_r12	16	2.0	12	meanpool	esm2_t12_35M_UR50D	0.846154	0.542308	19.840000000000003	meanpool__esm2_t12_35M_UR50D
n16_h2_r12	16	2.0	12	pea	onehot	0.307692	0.130769	4.62	pea__onehot
n16_h2_r12	16	2.0	12	pea	esm2_t12_35M_UR50D	0.307692	0.093407	21.43	pea__esm2_t12_35M_UR50D
n16_h2_r12	16	2.0	12	msaresid_mafft	onehot	0.384615	0.137912	4.6899999999999995	msaresid_mafft__onehot
n16_h2_r12	16	2.0	12	msaresid_mafft	esm2_t12_35M_UR50D	0.307692	0.116484	22.0	msaresid_mafft__esm2_t12_35M_UR50D
n16_h2_r12	16	2.0	12	msaresid_true	onehot	0.461538	0.263187	4.6	msaresid_true__onehot
n16_h2_r12	16	2.0	12	msaresid_true	esm2_t12_35M_UR50D	0.384615	0.143956	19.85	msaresid_true__esm2_t12_35M_UR50D
n16_h2_r12	16	2.0	12	ml	none	0.384615	0.144505	90.66	ml__none
n16_h2_r12	16	2.0	12	bionj	none	0.307692	0.155495	90.66	bionj__none
n16_h2_r12	16	2.0	12	kmer	none	0.384615	0.183516	0.72	kmer__none
n16_h2_r13	16	2.0	13	meanpool	onehot	0.846154	0.539011	2.46	meanpool__onehot
n16_h2_r13	16	2.0	13	meanpool	esm2_t12_35M_UR50D	0.692308	0.359341	14.68	meanpool__esm2_t12_35M_UR50D
n16_h2_r13	16	2.0	13	pea	onehot	0.307692	0.182967	4.05	pea__onehot
n16_h2_r13	16	2.0	13	pea	esm2_t12_35M_UR50D	0.076923	0.032967	16.5	pea__esm2_t12_35M_UR50D
n16_h2_r13	16	2.0	13	msaresid_mafft	onehot	0.230769	0.16978	5.050000000000001	msaresid_mafft__onehot
n16_h2_r13	16	2.0	13	msaresid_mafft	esm2_t12_35M_UR50D	0.153846	0.057143	18.04	msaresid_mafft__esm2_t12_35M_UR50D
n16_h2_r13	16	2.0	13	msaresid_true	onehot	0.153846	0.051099	3.08	msaresid_true__onehot
n16_h2_r13	16	2.0	13	msaresid_true	esm2_t12_35M_UR50D	0.076923	0.032967	15.11	msaresid_true__esm2_t12_35M_UR50D
n16_h2_r13	16	2.0	13	ml	none	0.230769	0.173626	127.21000000000001	ml__none
n16_h2_r13	16	2.0	13	bionj	none	0.307692	0.165934	127.21000000000001	bionj__none
n16_h2_r13	16	2.0	13	kmer	none	0.307692	0.189011	1.1	kmer__none
n16_h2_r14	16	2.0	14	meanpool	onehot	0.615385	0.408791	3.2800000000000002	meanpool__onehot
n16_h2_r14	16	2.0	14	meanpool	esm2_t12_35M_UR50D	0.384615	0.403297	19.28	meanpool__esm2_t12_35M_UR50D
n16_h2_r14	16	2.0	14	pea	onehot	0.153846	0.103297	4.8	pea__onehot
n16_h2_r14	16	2.0	14	pea	esm2_t12_35M_UR50D	0.153846	0.097253	20.77	pea__esm2_t12_35M_UR50D
n16_h2_r14	16	2.0	14	msaresid_mafft	onehot	0.153846	0.076923	6.9399999999999995	msaresid_mafft__onehot
n16_h2_r14	16	2.0	14	msaresid_mafft	esm2_t12_35M_UR50D	0.230769	0.175824	21.54	msaresid_mafft__esm2_t12_35M_UR50D
n16_h2_r14	16	2.0	14	msaresid_true	onehot	0.230769	0.123077	3.25	msaresid_true__onehot
n16_h2_r14	16	2.0	14	msaresid_true	esm2_t12_35M_UR50D	0.0	0.0	19.47	msaresid_true__esm2_t12_35M_UR50D
n16_h2_r14	16	2.0	14	ml	none	0.307692	0.242308	94.77999999999999	ml__none
n16_h2_r14	16	2.0	14	bionj	none	0.230769	0.261538	94.77999999999999	bionj__none
n16_h2_r14	16	2.0	14	kmer	none	0.153846	0.103297	1.8	kmer__none
n16_h2_r15	16	2.0	15	meanpool	onehot	0.538462	0.221429	5.23	meanpool__onehot
n16_h2_r15	16	2.0	15	meanpool	esm2_t12_35M_UR50D	0.846154	0.395055	15.95	meanpool__esm2_t12_35M_UR50D
n16_h2_r15	16	2.0	15	pea	onehot	0.384615	0.132967	4.91	pea__onehot
n16_h2_r15	16	2.0	15	pea	esm2_t12_35M_UR50D	0.384615	0.163736	17.47	pea__esm2_t12_35M_UR50D
n16_h2_r15	16	2.0	15	msaresid_mafft	onehot	0.153846	0.04011	3.67	msaresid_mafft__onehot
n16_h2_r15	16	2.0	15	msaresid_mafft	esm2_t12_35M_UR50D	0.230769	0.086264	17.62	msaresid_mafft__esm2_t12_35M_UR50D
n16_h2_r15	16	2.0	15	msaresid_true	onehot	0.384615	0.164835	1.96	msaresid_true__onehot
n16_h2_r15	16	2.0	15	msaresid_true	esm2_t12_35M_UR50D	0.230769	0.08956	16.14	msaresid_true__esm2_t12_35M_UR50D
n16_h2_r15	16	2.0	15	ml	none	0.153846	0.077473	78.45	ml__none
n16_h2_r15	16	2.0	15	bionj	none	0.230769	0.106044	78.45	bionj__none
n16_h2_r15	16	2.0	15	kmer	none	0.230769	0.086264	0.72	kmer__none
n16_h2_r16	16	2.0	16	meanpool	onehot	0.692308	0.442857	2.14	meanpool__onehot
n16_h2_r16	16	2.0	16	meanpool	esm2_t12_35M_UR50D	0.769231	0.42033	14.719999999999999	meanpool__esm2_t12_35M_UR50D
n16_h2_r16	16	2.0	16	pea	onehot	0.230769	0.112088	2.56	pea__onehot
n16_h2_r16	16	2.0	16	pea	esm2_t12_35M_UR50D	0.153846	0.101099	16.47	pea__esm2_t12_35M_UR50D
n16_h2_r16	16	2.0	16	msaresid_mafft	onehot	0.384615	0.369231	5.4	msaresid_mafft__onehot
n16_h2_r16	16	2.0	16	msaresid_mafft	esm2_t12_35M_UR50D	0.384615	0.298901	17.07	msaresid_mafft__esm2_t12_35M_UR50D
n16_h2_r16	16	2.0	16	msaresid_true	onehot	0.307692	0.287363	2.38	msaresid_true__onehot
n16_h2_r16	16	2.0	16	msaresid_true	esm2_t12_35M_UR50D	0.307692	0.197802	14.969999999999999	msaresid_true__esm2_t12_35M_UR50D
n16_h2_r16	16	2.0	16	ml	none	0.461538	0.31044	82.71	ml__none
n16_h2_r16	16	2.0	16	bionj	none	0.461538	0.193956	82.71	bionj__none
n16_h2_r16	16	2.0	16	kmer	none	0.307692	0.246154	0.84	kmer__none
n16_h2_r17	16	2.0	17	meanpool	onehot	0.615385	0.37033	2.1799999999999997	meanpool__onehot
n16_h2_r17	16	2.0	17	meanpool	esm2_t12_35M_UR50D	0.384615	0.18022	25.8	meanpool__esm2_t12_35M_UR50D
n16_h2_r17	16	2.0	17	pea	onehot	0.307692	0.248352	4.3	pea__onehot
n16_h2_r17	16	2.0	17	pea	esm2_t12_35M_UR50D	0.307692	0.167582	27.900000000000002	pea__esm2_t12_35M_UR50D
n16_h2_r17	16	2.0	17	msaresid_mafft	onehot	0.307692	0.180769	4.27	msaresid_mafft__onehot
n16_h2_r17	16	2.0	17	msaresid_mafft	esm2_t12_35M_UR50D	0.153846	0.068132	28.01	msaresid_mafft__esm2_t12_35M_UR50D
n16_h2_r17	16	2.0	17	msaresid_true	onehot	0.461538	0.246703	1.95	msaresid_true__onehot
n16_h2_r17	16	2.0	17	msaresid_true	esm2_t12_35M_UR50D	0.076923	0.024176	25.770000000000003	msaresid_true__esm2_t12_35M_UR50D
n16_h2_r17	16	2.0	17	ml	none	0.230769	0.184615	107.22	ml__none
n16_h2_r17	16	2.0	17	bionj	none	0.153846	0.140659	107.22	bionj__none
n16_h2_r17	16	2.0	17	kmer	none	0.384615	0.275275	0.8	kmer__none
n16_h2_r18	16	2.0	18	meanpool	onehot	0.538462	0.368132	3.26	meanpool__onehot
n16_h2_r18	16	2.0	18	meanpool	esm2_t12_35M_UR50D	0.461538	0.278022	13.75	meanpool__esm2_t12_35M_UR50D
n16_h2_r18	16	2.0	18	pea	onehot	0.230769	0.13022	4.7	pea__onehot
n16_h2_r18	16	2.0	18	pea	esm2_t12_35M_UR50D	0.307692	0.163736	15.8	pea__esm2_t12_35M_UR50D
n16_h2_r18	16	2.0	18	msaresid_mafft	onehot	0.230769	0.13022	3.6100000000000003	msaresid_mafft__onehot
n16_h2_r18	16	2.0	18	msaresid_mafft	esm2_t12_35M_UR50D	0.307692	0.137363	15.13	msaresid_mafft__esm2_t12_35M_UR50D
n16_h2_r18	16	2.0	18	msaresid_true	onehot	0.153846	0.086264	2.4000000000000004	msaresid_true__onehot
n16_h2_r18	16	2.0	18	msaresid_true	esm2_t12_35M_UR50D	0.153846	0.034066	14.120000000000001	msaresid_true__esm2_t12_35M_UR50D
n16_h2_r18	16	2.0	18	ml	none	0.307692	0.110989	98.83	ml__none
n16_h2_r18	16	2.0	18	bionj	none	0.153846	0.066484	98.83	bionj__none
n16_h2_r18	16	2.0	18	kmer	none	0.307692	0.145604	0.62	kmer__none
n16_h2_r19	16	2.0	19	meanpool	onehot	0.461538	0.221978	4.91	meanpool__onehot
n16_h2_r19	16	2.0	19	meanpool	esm2_t12_35M_UR50D	0.461538	0.198352	17.43	meanpool__esm2_t12_35M_UR50D
n16_h2_r19	16	2.0	19	pea	onehot	0.230769	0.101648	4.72	pea__onehot
n16_h2_r19	16	2.0	19	pea	esm2_t12_35M_UR50D	0.230769	0.081868	18.95	pea__esm2_t12_35M_UR50D
n16_h2_r19	16	2.0	19	msaresid_mafft	onehot	0.230769	0.101648	9.48	msaresid_mafft__onehot
n16_h2_r19	16	2.0	19	msaresid_mafft	esm2_t12_35M_UR50D	0.153846	0.068681	23.23	msaresid_mafft__esm2_t12_35M_UR50D
n16_h2_r19	16	2.0	19	msaresid_true	onehot	0.076923	0.061538	3.6	msaresid_true__onehot
n16_h2_r19	16	2.0	19	msaresid_true	esm2_t12_35M_UR50D	0.230769	0.081868	17.55	msaresid_true__esm2_t12_35M_UR50D
n16_h2_r19	16	2.0	19	ml	none	0.153846	0.094505	112.54	ml__none
n16_h2_r19	16	2.0	19	bionj	none	0.307692	0.113736	112.54	bionj__none
n16_h2_r19	16	2.0	19	kmer	none	0.230769	0.101648	0.83	kmer__none
n16_h4_r0	16	4.0	0	meanpool	onehot	0.384615	0.162088	3.12	meanpool__onehot
n16_h4_r0	16	4.0	0	meanpool	esm2_t12_35M_UR50D	0.461538	0.329121	15.99	meanpool__esm2_t12_35M_UR50D
n16_h4_r0	16	4.0	0	pea	onehot	0.230769	0.073077	3.8099999999999996	pea__onehot
n16_h4_r0	16	4.0	0	pea	esm2_t12_35M_UR50D	0.153846	0.068132	19.15	pea__esm2_t12_35M_UR50D
n16_h4_r0	16	4.0	0	msaresid_mafft	onehot	0.076923	0.032967	4.2299999999999995	msaresid_mafft__onehot
n16_h4_r0	16	4.0	0	msaresid_mafft	esm2_t12_35M_UR50D	0.153846	0.04011	17.44	msaresid_mafft__esm2_t12_35M_UR50D
n16_h4_r0	16	4.0	0	msaresid_true	onehot	0.0	0.0	3.6500000000000004	msaresid_true__onehot
n16_h4_r0	16	4.0	0	msaresid_true	esm2_t12_35M_UR50D	0.0	0.0	16.31	msaresid_true__esm2_t12_35M_UR50D
n16_h4_r0	16	4.0	0	ml	none	0.384615	0.165934	64.42	ml__none
n16_h4_r0	16	4.0	0	bionj	none	0.384615	0.143956	64.42	bionj__none
n16_h4_r0	16	4.0	0	kmer	none	0.153846	0.068132	0.69	kmer__none
n16_h4_r1	16	4.0	1	meanpool	onehot	0.692308	0.442308	5.73	meanpool__onehot
n16_h4_r1	16	4.0	1	meanpool	esm2_t12_35M_UR50D	0.692308	0.592308	19.29	meanpool__esm2_t12_35M_UR50D
n16_h4_r1	16	4.0	1	pea	onehot	0.461538	0.279121	7.220000000000001	pea__onehot
n16_h4_r1	16	4.0	1	pea	esm2_t12_35M_UR50D	0.538462	0.246703	21.639999999999997	pea__esm2_t12_35M_UR50D
n16_h4_r1	16	4.0	1	msaresid_mafft	onehot	0.538462	0.336264	5.42	msaresid_mafft__onehot
n16_h4_r1	16	4.0	1	msaresid_mafft	esm2_t12_35M_UR50D	0.538462	0.268132	22.08	msaresid_mafft__esm2_t12_35M_UR50D
n16_h4_r1	16	4.0	1	msaresid_true	onehot	0.615385	0.382967	3.0	msaresid_true__onehot
n16_h4_r1	16	4.0	1	msaresid_true	esm2_t12_35M_UR50D	0.461538	0.204945	19.74	msaresid_true__esm2_t12_35M_UR50D
n16_h4_r1	16	4.0	1	ml	none	0.538462	0.209341	103.75	ml__none
n16_h4_r1	16	4.0	1	bionj	none	0.538462	0.308242	103.75	bionj__none
n16_h4_r1	16	4.0	1	kmer	none	0.615385	0.451099	0.99	kmer__none
n16_h4_r2	16	4.0	2	meanpool	onehot	0.846154	0.57033	2.12	meanpool__onehot
n16_h4_r2	16	4.0	2	meanpool	esm2_t12_35M_UR50D	0.846154	0.56044	14.57	meanpool__esm2_t12_35M_UR50D
n16_h4_r2	16	4.0	2	pea	onehot	0.307692	0.191758	3.37	pea__onehot
n16_h4_r2	16	4.0	2	pea	esm2_t12_35M_UR50D	0.461538	0.371429	15.57	pea__esm2_t12_35M_UR50D
n16_h4_r2	16	4.0	2	msaresid_mafft	onehot	0.538462	0.293956	4.24	msaresid_mafft__onehot
n16_h4_r2	16	4.0	2	msaresid_mafft	esm2_t12_35M_UR50D	0.538462	0.367033	16.02	msaresid_mafft__esm2_t12_35M_UR50D
n16_h4_r2	16	4.0	2	msaresid_true	onehot	0.384615	0.227473	2.62	msaresid_true__onehot
n16_h4_r2	16	4.0	2	msaresid_true	esm2_t12_35M_UR50D	0.307692	0.223626	14.6	msaresid_true__esm2_t12_35M_UR50D
n16_h4_r2	16	4.0	2	ml	none	0.538462	0.332418	98.97999999999999	ml__none
n16_h4_r2	16	4.0	2	bionj	none	0.615385	0.326923	98.97999999999999	bionj__none
n16_h4_r2	16	4.0	2	kmer	none	0.538462	0.458242	0.6	kmer__none
n16_h4_r3	16	4.0	3	meanpool	onehot	0.846154	0.552747	3.87	meanpool__onehot
n16_h4_r3	16	4.0	3	meanpool	esm2_t12_35M_UR50D	0.692308	0.475824	18.4	meanpool__esm2_t12_35M_UR50D
n16_h4_r3	16	4.0	3	pea	onehot	0.461538	0.325275	4.38	pea__onehot
n16_h4_r3	16	4.0	3	pea	esm2_t12_35M_UR50D	0.461538	0.25989	19.669999999999998	pea__esm2_t12_35M_UR50D
n16_h4_r3	16	4.0	3	msaresid_mafft	onehot	0.384615	0.286813	8.120000000000001	msaresid_mafft__onehot
n16_h4_r3	16	4.0	3	msaresid_mafft	esm2_t12_35M_UR50D	0.384615	0.281319	22.14	msaresid_mafft__esm2_t12_35M_UR50D
n16_h4_r3	16	4.0	3	msaresid_true	onehot	0.153846	0.065934	2.56	msaresid_true__onehot
n16_h4_r3	16	4.0	3	msaresid_true	esm2_t12_35M_UR50D	0.153846	0.02033	18.5	msaresid_true__esm2_t12_35M_UR50D
n16_h4_r3	16	4.0	3	ml	none	0.307692	0.202747	120.72999999999999	ml__none
n16_h4_r3	16	4.0	3	bionj	none	0.307692	0.224725	120.72999999999999	bionj__none
n16_h4_r3	16	4.0	3	kmer	none	0.461538	0.332418	1.18	kmer__none
n16_h4_r4	16	4.0	4	meanpool	onehot	1.0	0.617582	2.67	meanpool__onehot
n16_h4_r4	16	4.0	4	meanpool	esm2_t12_35M_UR50D	0.769231	0.468681	20.51	meanpool__esm2_t12_35M_UR50D
n16_h4_r4	16	4.0	4	pea	onehot	0.615385	0.313187	3.49	pea__onehot
n16_h4_r4	16	4.0	4	pea	esm2_t12_35M_UR50D	0.538462	0.453846	21.8	pea__esm2_t12_35M_UR50D
n16_h4_r4	16	4.0	4	msaresid_mafft	onehot	0.538462	0.441758	4.05	msaresid_mafft__onehot
n16_h4_r4	16	4.0	4	msaresid_mafft	esm2_t12_35M_UR50D	0.461538	0.357143	21.950000000000003	msaresid_mafft__esm2_t12_35M_UR50D
n16_h4_r4	16	4.0	4	msaresid_true	onehot	0.692308	0.391209	2.19	msaresid_true__onehot
n16_h4_r4	16	4.0	4	msaresid_true	esm2_t12_35M_UR50D	0.615385	0.281868	20.61	msaresid_true__esm2_t12_35M_UR50D
n16_h4_r4	16	4.0	4	ml	none	0.769231	0.350549	76.22	ml__none
n16_h4_r4	16	4.0	4	bionj	none	0.538462	0.170879	76.22	bionj__none
n16_h4_r4	16	4.0	4	kmer	none	0.769231	0.514286	1.21	kmer__none
n16_h4_r5	16	4.0	5	meanpool	onehot	0.615385	0.335714	1.96	meanpool__onehot
n16_h4_r5	16	4.0	5	meanpool	esm2_t12_35M_UR50D	0.461538	0.307692	15.42	meanpool__esm2_t12_35M_UR50D
n16_h4_r5	16	4.0	5	pea	onehot	0.307692	0.168132	3.1500000000000004	pea__onehot
n16_h4_r5	16	4.0	5	pea	esm2_t12_35M_UR50D	0.384615	0.241758	16.44	pea__esm2_t12_35M_UR50D
n16_h4_r5	16	4.0	5	msaresid_mafft	onehot	0.461538	0.29011	3.55	msaresid_mafft__onehot
n16_h4_r5	16	4.0	5	msaresid_mafft	esm2_t12_35M_UR50D	0.461538	0.33956	16.37	msaresid_mafft__esm2_t12_35M_UR50D
n16_h4_r5	16	4.0	5	msaresid_true	onehot	0.461538	0.385165	2.35	msaresid_true__onehot
n16_h4_r5	16	4.0	5	msaresid_true	esm2_t12_35M_UR50D	0.384615	0.274725	15.25	msaresid_true__esm2_t12_35M_UR50D
n16_h4_r5	16	4.0	5	ml	none	0.538462	0.40989	99.5	ml__none
n16_h4_r5	16	4.0	5	bionj	none	0.538462	0.338462	99.5	bionj__none
n16_h4_r5	16	4.0	5	kmer	none	0.538462	0.448901	0.73	kmer__none
n16_h4_r6	16	4.0	6	meanpool	onehot	0.769231	0.471429	2.49	meanpool__onehot
n16_h4_r6	16	4.0	6	meanpool	esm2_t12_35M_UR50D	0.615385	0.484615	16.32	meanpool__esm2_t12_35M_UR50D
n16_h4_r6	16	4.0	6	pea	onehot	0.230769	0.096703	4.24	pea__onehot
n16_h4_r6	16	4.0	6	pea	esm2_t12_35M_UR50D	0.384615	0.313187	18.49	pea__esm2_t12_35M_UR50D
n16_h4_r6	16	4.0	6	msaresid_mafft	onehot	0.461538	0.421978	4.34	msaresid_mafft__onehot
n16_h4_r6	16	4.0	6	msaresid_mafft	esm2_t12_35M_UR50D	0.307692	0.274725	18.03	msaresid_mafft__esm2_t12_35M_UR50D
n16_h4_r6	16	4.0	6	msaresid_true	onehot	0.538462	0.422527	2.7199999999999998	msaresid_true__onehot
n16_h4_r6	16	4.0	6	msaresid_true	esm2_t12_35M_UR50D	0.307692	0.274725	16.39	msaresid_true__esm2_t12_35M_UR50D
n16_h4_r6	16	4.0	6	ml	none	0.692308	0.458242	107.29	ml__none
n16_h4_r6	16	4.0	6	bionj	none	0.384615	0.434615	107.29	bionj__none
n16_h4_r6	16	4.0	6	kmer	none	0.461538	0.363187	0.71	kmer__none
n16_h4_r7	16	4.0	7	meanpool	onehot	0.846154	0.556044	3.2	meanpool__onehot
n16_h4_r7	16	4.0	7	meanpool	esm2_t12_35M_UR50D	0.923077	0.609341	23.419999999999998	meanpool__esm2_t12_35M_UR50D
n16_h4_r7	16	4.0	7	pea	onehot	0.692308	0.513736	7.2299999999999995	pea__onehot
n16_h4_r7	16	4.0	7	pea	esm2_t12_35M_UR50D	0.769231	0.471978	25.93	pea__esm2_t12_35M_UR50D
n16_h4_r7	16	4.0	7	msaresid_mafft	onehot	0.615385	0.432967	3.9400000000000004	msaresid_mafft__onehot
n16_h4_r7	16	4.0	7	msaresid_mafft	esm2_t12_35M_UR50D	0.615385	0.346154	25.1	msaresid_mafft__esm2_t12_35M_UR50D
n16_h4_r7	16	4.0	7	msaresid_true	onehot	0.692308	0.501099	5.39	msaresid_true__onehot
n16_h4_r7	16	4.0	7	msaresid_true	esm2_t12_35M_UR50D	0.692308	0.322527	23.36	msaresid_true__esm2_t12_35M_UR50D
n16_h4_r7	16	4.0	7	ml	none	0.615385	0.412637	86.96000000000001	ml__none
n16_h4_r7	16	4.0	7	bionj	none	0.615385	0.406593	86.96000000000001	bionj__none
n16_h4_r7	16	4.0	7	kmer	none	0.615385	0.442857	0.79	kmer__none
n16_h4_r8	16	4.0	8	meanpool	onehot	0.769231	0.498352	2.88	meanpool__onehot
n16_h4_r8	16	4.0	8	meanpool	esm2_t12_35M_UR50D	0.615385	0.343956	15.66	meanpool__esm2_t12_35M_UR50D
n16_h4_r8	16	4.0	8	pea	onehot	0.307692	0.268132	3.4399999999999995	pea__onehot
n16_h4_r8	16	4.0	8	pea	esm2_t12_35M_UR50D	0.230769	0.21978	18.09	pea__esm2_t12_35M_UR50D
n16_h4_r8	16	4.0	8	msaresid_mafft	onehot	0.153846	0.083516	4.5	msaresid_mafft__onehot
n16_h4_r8	16	4.0	8	msaresid_mafft	esm2_t12_35M_UR50D	0.307692	0.303297	17.23	msaresid_mafft__esm2_t12_35M_UR50D
n16_h4_r8	16	4.0	8	msaresid_true	onehot	0.153846	0.026374	2.5599999999999996	msaresid_true__onehot
n16_h4_r8	16	4.0	8	msaresid_true	esm2_t12_35M_UR50D	0.153846	0.118681	15.65	msaresid_true__esm2_t12_35M_UR50D
n16_h4_r8	16	4.0	8	ml	none	0.384615	0.246154	110.74000000000001	ml__none
n16_h4_r8	16	4.0	8	bionj	none	0.384615	0.246154	110.74000000000001	bionj__none
n16_h4_r8	16	4.0	8	kmer	none	0.307692	0.237363	0.84	kmer__none
n16_h4_r9	16	4.0	9	meanpool	onehot	0.461538	0.264835	2.07	meanpool__onehot
n16_h4_r9	16	4.0	9	meanpool	esm2_t12_35M_UR50D	0.615385	0.257143	15.569999999999999	meanpool__esm2_t12_35M_UR50D
n16_h4_r9	16	4.0	9	pea	onehot	0.076923	0.013187	4.01	pea__onehot
n16_h4_r9	16	4.0	9	pea	esm2_t12_35M_UR50D	0.230769	0.048352	17.759999999999998	pea__esm2_t12_35M_UR50D
n16_h4_r9	16	4.0	9	msaresid_mafft	onehot	0.076923	0.013187	3.83	msaresid_mafft__onehot
n16_h4_r9	16	4.0	9	msaresid_mafft	esm2_t12_35M_UR50D	0.230769	0.048352	17.04	msaresid_mafft__esm2_t12_35M_UR50D
n16_h4_r9	16	4.0	9	msaresid_true	onehot	0.153846	0.031319	2.43	msaresid_true__onehot
n16_h4_r9	16	4.0	9	msaresid_true	esm2_t12_35M_UR50D	0.153846	0.035165	15.53	msaresid_true__esm2_t12_35M_UR50D
n16_h4_r9	16	4.0	9	ml	none	0.307692	0.213736	110.41	ml__none
n16_h4_r9	16	4.0	9	bionj	none	0.230769	0.042308	110.41	bionj__none
n16_h4_r9	16	4.0	9	kmer	none	0.076923	0.013187	0.83	kmer__none
n16_h4_r10	16	4.0	10	meanpool	onehot	0.846154	0.582967	2.07	meanpool__onehot
n16_h4_r10	16	4.0	10	meanpool	esm2_t12_35M_UR50D	0.923077	0.468132	19.509999999999998	meanpool__esm2_t12_35M_UR50D
n16_h4_r10	16	4.0	10	pea	onehot	0.230769	0.231319	3.48	pea__onehot
n16_h4_r10	16	4.0	10	pea	esm2_t12_35M_UR50D	0.538462	0.431868	21.229999999999997	pea__esm2_t12_35M_UR50D
n16_h4_r10	16	4.0	10	msaresid_mafft	onehot	0.307692	0.24011	6.470000000000001	msaresid_mafft__onehot
n16_h4_r10	16	4.0	10	msaresid_mafft	esm2_t12_35M_UR50D	0.384615	0.244505	23.54	msaresid_mafft__esm2_t12_35M_UR50D
n16_h4_r10	16	4.0	10	msaresid_true	onehot	0.307692	0.178022	2.43	msaresid_true__onehot
n16_h4_r10	16	4.0	10	msaresid_true	esm2_t12_35M_UR50D	0.0	0.0	19.56	msaresid_true__esm2_t12_35M_UR50D
n16_h4_r10	16	4.0	10	ml	none	0.538462	0.396154	79.65	ml__none
n16_h4_r10	16	4.0	10	bionj	none	0.461538	0.321429	79.65	bionj__none
n16_h4_r10	16	4.0	10	kmer	none	0.307692	0.278022	3.24	kmer__none
n16_h4_r11	16	4.0	11	meanpool	onehot	0.615385	0.217033	3.21	meanpool__onehot
n16_h4_r11	16	4.0	11	meanpool	esm2_t12_35M_UR50D	0.692308	0.301099	18.060000000000002	meanpool__esm2_t12_35M_UR50D
n16_h4_r11	16	4.0	11	pea	onehot	0.538462	0.263736	5.28	pea__onehot
n16_h4_r11	16	4.0	11	pea	esm2_t12_35M_UR50D	0.615385	0.199451	20.8	pea__esm2_t12_35M_UR50D
n16_h4_r11	16	4.0	11	msaresid_mafft	onehot	0.692308	0.41044	4.52	msaresid_mafft__onehot
n16_h4_r11	16	4.0	11	msaresid_mafft	esm2_t12_35M_UR50D	0.692308	0.358791	19.37	msaresid_mafft__esm2_t12_35M_UR50D
n16_h4_r11	16	4.0	11	msaresid_true	onehot	0.615385	0.302747	2.75	msaresid_true__onehot
n16_h4_r11	16	4.0	11	msaresid_true	esm2_t12_35M_UR50D	0.615385	0.241758	18.01	msaresid_true__esm2_t12_35M_UR50D
n16_h4_r11	16	4.0	11	ml	none	0.769231	0.431319	102.08999999999999	ml__none
n16_h4_r11	16	4.0	11	bionj	none	0.615385	0.366484	102.08999999999999	bionj__none
n16_h4_r11	16	4.0	11	kmer	none	0.615385	0.358242	0.61	kmer__none
n16_h4_r12	16	4.0	12	meanpool	onehot	0.769231	0.430769	2.92	meanpool__onehot
n16_h4_r12	16	4.0	12	meanpool	esm2_t12_35M_UR50D	0.692308	0.502198	14.18	meanpool__esm2_t12_35M_UR50D
n16_h4_r12	16	4.0	12	pea	onehot	0.461538	0.285714	4.859999999999999	pea__onehot
n16_h4_r12	16	4.0	12	pea	esm2_t12_35M_UR50D	0.615385	0.459341	15.48	pea__esm2_t12_35M_UR50D
n16_h4_r12	16	4.0	12	msaresid_mafft	onehot	0.615385	0.446703	3.5999999999999996	msaresid_mafft__onehot
n16_h4_r12	16	4.0	12	msaresid_mafft	esm2_t12_35M_UR50D	0.615385	0.490659	15.21	msaresid_mafft__esm2_t12_35M_UR50D
n16_h4_r12	16	4.0	12	msaresid_true	onehot	0.461538	0.378571	3.5100000000000002	msaresid_true__onehot
n16_h4_r12	16	4.0	12	msaresid_true	esm2_t12_35M_UR50D	0.230769	0.097253	14.18	msaresid_true__esm2_t12_35M_UR50D
n16_h4_r12	16	4.0	12	ml	none	0.615385	0.354396	109.13	ml__none
n16_h4_r12	16	4.0	12	bionj	none	0.538462	0.419231	109.13	bionj__none
n16_h4_r12	16	4.0	12	kmer	none	0.461538	0.276923	0.79	kmer__none
n16_h4_r13	16	4.0	13	meanpool	onehot	0.615385	0.459341	3.5300000000000002	meanpool__onehot
n16_h4_r13	16	4.0	13	meanpool	esm2_t12_35M_UR50D	0.846154	0.570879	18.37	meanpool__esm2_t12_35M_UR50D
n16_h4_r13	16	4.0	13	pea	onehot	0.384615	0.335714	4.21	pea__onehot
n16_h4_r13	16	4.0	13	pea	esm2_t12_35M_UR50D	0.384615	0.367033	19.650000000000002	pea__esm2_t12_35M_UR50D
n16_h4_r13	16	4.0	13	msaresid_mafft	onehot	0.307692	0.338462	5.3	msaresid_mafft__onehot
n16_h4_r13	16	4.0	13	msaresid_mafft	esm2_t12_35M_UR50D	0.384615	0.408242	20.080000000000002	msaresid_mafft__esm2_t12_35M_UR50D
n16_h4_r13	16	4.0	13	msaresid_true	onehot	0.538462	0.384066	3.67	msaresid_true__onehot
n16_h4_r13	16	4.0	13	msaresid_true	esm2_t12_35M_UR50D	0.461538	0.334615	18.380000000000003	msaresid_true__esm2_t12_35M_UR50D
n16_h4_r13	16	4.0	13	ml	none	0.615385	0.46044	111.89	ml__none
n16_h4_r13	16	4.0	13	bionj	none	0.538462	0.409341	111.89	bionj__none
n16_h4_r13	16	4.0	13	kmer	none	0.307692	0.360989	0.74	kmer__none
n16_h4_r14	16	4.0	14	meanpool	onehot	0.461538	0.398352	5.08	meanpool__onehot
n16_h4_r14	16	4.0	14	meanpool	esm2_t12_35M_UR50D	0.384615	0.176923	12.41	meanpool__esm2_t12_35M_UR50D
n16_h4_r14	16	4.0	14	pea	onehot	0.307692	0.328022	4.03	pea__onehot
n16_h4_r14	16	4.0	14	pea	esm2_t12_35M_UR50D	0.230769	0.215934	13.96	pea__esm2_t12_35M_UR50D
n16_h4_r14	16	4.0	14	msaresid_mafft	onehot	0.461538	0.332967	3.93	msaresid_mafft__onehot
n16_h4_r14	16	4.0	14	msaresid_mafft	esm2_t12_35M_UR50D	0.384615	0.308791	13.9	msaresid_mafft__esm2_t12_35M_UR50D
n16_h4_r14	16	4.0	14	msaresid_true	onehot	0.538462	0.398352	2.66	msaresid_true__onehot
n16_h4_r14	16	4.0	14	msaresid_true	esm2_t12_35M_UR50D	0.384615	0.303846	12.57	msaresid_true__esm2_t12_35M_UR50D
n16_h4_r14	16	4.0	14	ml	none	0.692308	0.343407	64.11	ml__none
n16_h4_r14	16	4.0	14	bionj	none	0.461538	0.212637	64.11	bionj__none
n16_h4_r14	16	4.0	14	kmer	none	0.230769	0.232418	0.01	kmer__none
n16_h4_r15	16	4.0	15	meanpool	onehot	0.923077	0.56044	3.08	meanpool__onehot
n16_h4_r15	16	4.0	15	meanpool	esm2_t12_35M_UR50D	0.923077	0.568681	23.580000000000002	meanpool__esm2_t12_35M_UR50D
n16_h4_r15	16	4.0	15	pea	onehot	0.769231	0.441209	3.99	pea__onehot
n16_h4_r15	16	4.0	15	pea	esm2_t12_35M_UR50D	0.692308	0.425275	27.400000000000002	pea__esm2_t12_35M_UR50D
n16_h4_r15	16	4.0	15	msaresid_mafft	onehot	0.692308	0.451099	6.390000000000001	msaresid_mafft__onehot
n16_h4_r15	16	4.0	15	msaresid_mafft	esm2_t12_35M_UR50D	0.769231	0.539011	25.520000000000003	msaresid_mafft__esm2_t12_35M_UR50D
n16_h4_r15	16	4.0	15	msaresid_true	onehot	0.538462	0.299451	2.3200000000000003	msaresid_true__onehot
n16_h4_r15	16	4.0	15	msaresid_true	esm2_t12_35M_UR50D	0.692308	0.363187	23.330000000000002	msaresid_true__esm2_t12_35M_UR50D
n16_h4_r15	16	4.0	15	ml	none	0.769231	0.527473	137.23	ml__none
n16_h4_r15	16	4.0	15	bionj	none	0.692308	0.44011	137.23	bionj__none
n16_h4_r15	16	4.0	15	kmer	none	0.769231	0.484066	0.9	kmer__none
n16_h4_r16	16	4.0	16	meanpool	onehot	0.769231	0.43956	2.58	meanpool__onehot
n16_h4_r16	16	4.0	16	meanpool	esm2_t12_35M_UR50D	0.923077	0.689011	13.35	meanpool__esm2_t12_35M_UR50D
n16_h4_r16	16	4.0	16	pea	onehot	0.384615	0.17033	4.84	pea__onehot
n16_h4_r16	16	4.0	16	pea	esm2_t12_35M_UR50D	0.538462	0.407692	14.98	pea__esm2_t12_35M_UR50D
n16_h4_r16	16	4.0	16	msaresid_mafft	onehot	0.692308	0.375824	5.23	msaresid_mafft__onehot
n16_h4_r16	16	4.0	16	msaresid_mafft	esm2_t12_35M_UR50D	0.615385	0.293956	16.32	msaresid_mafft__esm2_t12_35M_UR50D
n16_h4_r16	16	4.0	16	msaresid_true	onehot	0.692308	0.347802	2.98	msaresid_true__onehot
n16_h4_r16	16	4.0	16	msaresid_true	esm2_t12_35M_UR50D	0.615385	0.320879	13.68	msaresid_true__esm2_t12_35M_UR50D
n16_h4_r16	16	4.0	16	ml	none	0.846154	0.452747	147.21	ml__none
n16_h4_r16	16	4.0	16	bionj	none	0.615385	0.343407	147.21	bionj__none
n16_h4_r16	16	4.0	16	kmer	none	0.692308	0.326923	0.64	kmer__none
n16_h4_r17	16	4.0	17	meanpool	onehot	0.846154	0.492308	2.44	meanpool__onehot
n16_h4_r17	16	4.0	17	meanpool	esm2_t12_35M_UR50D	0.846154	0.621978	17.11	meanpool__esm2_t12_35M_UR50D
n16_h4_r17	16	4.0	17	pea	onehot	0.615385	0.284066	4.819999999999999	pea__onehot
n16_h4_r17	16	4.0	17	pea	esm2_t12_35M_UR50D	0.692308	0.442857	18.560000000000002	pea__esm2_t12_35M_UR50D
n16_h4_r17	16	4.0	17	msaresid_mafft	onehot	0.846154	0.374176	4.91	msaresid_mafft__onehot
n16_h4_r17	16	4.0	17	msaresid_mafft	esm2_t12_35M_UR50D	0.615385	0.420879	19.14	msaresid_mafft__esm2_t12_35M_UR50D
n16_h4_r17	16	4.0	17	msaresid_true	onehot	0.769231	0.363736	2.91	msaresid_true__onehot
n16_h4_r17	16	4.0	17	msaresid_true	esm2_t12_35M_UR50D	0.538462	0.240659	17.15	msaresid_true__esm2_t12_35M_UR50D
n16_h4_r17	16	4.0	17	ml	none	0.923077	0.517582	88.98	ml__none
n16_h4_r17	16	4.0	17	bionj	none	0.923077	0.468681	88.98	bionj__none
n16_h4_r17	16	4.0	17	kmer	none	0.692308	0.461538	0.62	kmer__none
n16_h4_r18	16	4.0	18	meanpool	onehot	0.769231	0.553846	2.9	meanpool__onehot
n16_h4_r18	16	4.0	18	meanpool	esm2_t12_35M_UR50D	0.615385	0.418681	20.759999999999998	meanpool__esm2_t12_35M_UR50D
n16_h4_r18	16	4.0	18	pea	onehot	0.384615	0.295604	3.58	pea__onehot
n16_h4_r18	16	4.0	18	pea	esm2_t12_35M_UR50D	0.461538	0.424176	22.08	pea__esm2_t12_35M_UR50D
n16_h4_r18	16	4.0	18	msaresid_mafft	onehot	0.615385	0.47033	4.71	msaresid_mafft__onehot
n16_h4_r18	16	4.0	18	msaresid_mafft	esm2_t12_35M_UR50D	0.461538	0.448352	22.919999999999998	msaresid_mafft__esm2_t12_35M_UR50D
n16_h4_r18	16	4.0	18	msaresid_true	onehot	0.692308	0.47967	3.8	msaresid_true__onehot
n16_h4_r18	16	4.0	18	msaresid_true	esm2_t12_35M_UR50D	0.461538	0.251099	20.72	msaresid_true__esm2_t12_35M_UR50D
n16_h4_r18	16	4.0	18	ml	none	0.615385	0.385714	205.63	ml__none
n16_h4_r18	16	4.0	18	bionj	none	0.615385	0.413736	205.63	bionj__none
n16_h4_r18	16	4.0	18	kmer	none	0.615385	0.514286	0.47	kmer__none
n16_h4_r19	16	4.0	19	meanpool	onehot	0.769231	0.454945	2.97	meanpool__onehot
n16_h4_r19	16	4.0	19	meanpool	esm2_t12_35M_UR50D	0.615385	0.564286	19.38	meanpool__esm2_t12_35M_UR50D
n16_h4_r19	16	4.0	19	pea	onehot	0.538462	0.31044	3.58	pea__onehot
n16_h4_r19	16	4.0	19	pea	esm2_t12_35M_UR50D	0.384615	0.401648	20.7	pea__esm2_t12_35M_UR50D
n16_h4_r19	16	4.0	19	msaresid_mafft	onehot	0.615385	0.466484	3.58	msaresid_mafft__onehot
n16_h4_r19	16	4.0	19	msaresid_mafft	esm2_t12_35M_UR50D	0.538462	0.487363	20.37	msaresid_mafft__esm2_t12_35M_UR50D
n16_h4_r19	16	4.0	19	msaresid_true	onehot	0.615385	0.399451	4.01	msaresid_true__onehot
n16_h4_r19	16	4.0	19	msaresid_true	esm2_t12_35M_UR50D	0.461538	0.413187	19.240000000000002	msaresid_true__esm2_t12_35M_UR50D
n16_h4_r19	16	4.0	19	ml	none	0.615385	0.512637	62.58	ml__none
n16_h4_r19	16	4.0	19	bionj	none	0.538462	0.495055	62.58	bionj__none
n16_h4_r19	16	4.0	19	kmer	none	0.461538	0.43956	0.7	kmer__none
n32_h0.25_r0	32	0.25	0	meanpool	onehot	0.551724	0.281702	3.24	meanpool__onehot
n32_h0.25_r0	32	0.25	0	meanpool	esm2_t12_35M_UR50D	0.482759	0.37564	21.33	meanpool__esm2_t12_35M_UR50D
n32_h0.25_r0	32	0.25	0	pea	onehot	0.068966	0.046274	3.97	pea__onehot
n32_h0.25_r0	32	0.25	0	pea	esm2_t12_35M_UR50D	0.137931	0.059232	26.74	pea__esm2_t12_35M_UR50D
n32_h0.25_r0	32	0.25	0	msaresid_mafft	onehot	0.068966	0.021135	4.65	msaresid_mafft__onehot
n32_h0.25_r0	32	0.25	0	msaresid_mafft	esm2_t12_35M_UR50D	0.137931	0.059232	23.93	msaresid_mafft__esm2_t12_35M_UR50D
n32_h0.25_r0	32	0.25	0	msaresid_true	onehot	0.068966	0.021135	2.63	msaresid_true__onehot
n32_h0.25_r0	32	0.25	0	msaresid_true	esm2_t12_35M_UR50D	0.103448	0.00584	21.849999999999998	msaresid_true__esm2_t12_35M_UR50D
n32_h0.25_r0	32	0.25	0	ml	none	0.034483	0.019577	196.12	ml__none
n32_h0.25_r0	32	0.25	0	bionj	none	0.103448	0.022692	196.12	bionj__none
n32_h0.25_r0	32	0.25	0	kmer	none	0.137931	0.081201	0.58	kmer__none
n32_h0.25_r1	32	0.25	1	meanpool	onehot	0.482759	0.182063	2.83	meanpool__onehot
n32_h0.25_r1	32	0.25	1	meanpool	esm2_t12_35M_UR50D	0.310345	0.208148	16.64	meanpool__esm2_t12_35M_UR50D
n32_h0.25_r1	32	0.25	1	pea	onehot	0.068966	0.002364	7.25	pea__onehot
n32_h0.25_r1	32	0.25	1	pea	esm2_t12_35M_UR50D	0.103448	0.007453	26.03	pea__esm2_t12_35M_UR50D
n32_h0.25_r1	32	0.25	1	msaresid_mafft	onehot	0.137931	0.02995	4.9399999999999995	msaresid_mafft__onehot
n32_h0.25_r1	32	0.25	1	msaresid_mafft	esm2_t12_35M_UR50D	0.068966	0.005895	19.82	msaresid_mafft__esm2_t12_35M_UR50D
n32_h0.25_r1	32	0.25	1	msaresid_true	onehot	0.137931	0.02995	3.02	msaresid_true__onehot
n32_h0.25_r1	32	0.25	1	msaresid_true	esm2_t12_35M_UR50D	0.068966	0.005895	17.38	msaresid_true__esm2_t12_35M_UR50D
n32_h0.25_r1	32	0.25	1	ml	none	0.103448	0.006702	223.56	ml__none
n32_h0.25_r1	32	0.25	1	bionj	none	0.206897	0.026418	223.56	bionj__none
n32_h0.25_r1	32	0.25	1	kmer	none	0.034483	0.000806	0.79	kmer__none
n32_h0.25_r2	32	0.25	2	meanpool	onehot	0.517241	0.220439	2.41	meanpool__onehot
n32_h0.25_r2	32	0.25	2	meanpool	esm2_t12_35M_UR50D	0.37931	0.241824	19.840000000000003	meanpool__esm2_t12_35M_UR50D
n32_h0.25_r2	32	0.25	2	pea	onehot	0.137931	0.094522	4.22	pea__onehot
n32_h0.25_r2	32	0.25	2	pea	esm2_t12_35M_UR50D	0.172414	0.057508	28.97	pea__esm2_t12_35M_UR50D
n32_h0.25_r2	32	0.25	2	msaresid_mafft	onehot	0.068966	0.043604	5.25	msaresid_mafft__onehot
n32_h0.25_r2	32	0.25	2	msaresid_mafft	esm2_t12_35M_UR50D	0.103448	0.012792	23.07	msaresid_mafft__esm2_t12_35M_UR50D
n32_h0.25_r2	32	0.25	2	msaresid_true	onehot	0.068966	0.043604	2.09	msaresid_true__onehot
n32_h0.25_r2	32	0.25	2	msaresid_true	esm2_t12_35M_UR50D	0.137931	0.050834	20.540000000000003	msaresid_true__esm2_t12_35M_UR50D
n32_h0.25_r2	32	0.25	2	ml	none	0.0	0.0	244.45	ml__none
n32_h0.25_r2	32	0.25	2	bionj	none	0.172414	0.128393	244.45	bionj__none
n32_h0.25_r2	32	0.25	2	kmer	none	0.103448	0.045857	0.81	kmer__none
n32_h0.25_r3	32	0.25	3	meanpool	onehot	0.413793	0.24936	2.38	meanpool__onehot
n32_h0.25_r3	32	0.25	3	meanpool	esm2_t12_35M_UR50D	0.586207	0.266212	29.56	meanpool__esm2_t12_35M_UR50D
n32_h0.25_r3	32	0.25	3	pea	onehot	0.137931	0.143715	9.29	pea__onehot
n32_h0.25_r3	32	0.25	3	pea	esm2_t12_35M_UR50D	0.206897	0.163181	31.88	pea__esm2_t12_35M_UR50D
n32_h0.25_r3	32	0.25	3	msaresid_mafft	onehot	0.103448	0.150389	7.34	msaresid_mafft__onehot
n32_h0.25_r3	32	0.25	3	msaresid_mafft	esm2_t12_35M_UR50D	0.172414	0.115128	32.589999999999996	msaresid_mafft__esm2_t12_35M_UR50D
n32_h0.25_r3	32	0.25	3	msaresid_true	onehot	0.103448	0.150389	3.09	msaresid_true__onehot
n32_h0.25_r3	32	0.25	3	msaresid_true	esm2_t12_35M_UR50D	0.172414	0.115128	29.54	msaresid_true__esm2_t12_35M_UR50D
n32_h0.25_r3	32	0.25	3	ml	none	0.137931	0.076085	213.5	ml__none
n32_h0.25_r3	32	0.25	3	bionj	none	0.172414	0.327141	213.5	bionj__none
n32_h0.25_r3	32	0.25	3	kmer	none	0.172414	0.108899	0.81	kmer__none
n32_h0.25_r4	32	0.25	4	meanpool	onehot	0.517241	0.400945	2.37	meanpool__onehot
n32_h0.25_r4	32	0.25	4	meanpool	esm2_t12_35M_UR50D	0.586207	0.341546	15.92	meanpool__esm2_t12_35M_UR50D
n32_h0.25_r4	32	0.25	4	pea	onehot	0.034483	0.002892	4.53	pea__onehot
n32_h0.25_r4	32	0.25	4	pea	esm2_t12_35M_UR50D	0.172414	0.168103	21.88	pea__esm2_t12_35M_UR50D
n32_h0.25_r4	32	0.25	4	msaresid_mafft	onehot	0.103448	0.161541	5.03	msaresid_mafft__onehot
n32_h0.25_r4	32	0.25	4	msaresid_mafft	esm2_t12_35M_UR50D	0.172414	0.168103	20.479999999999997	msaresid_mafft__esm2_t12_35M_UR50D
n32_h0.25_r4	32	0.25	4	msaresid_true	onehot	0.103448	0.161541	2.54	msaresid_true__onehot
n32_h0.25_r4	32	0.25	4	msaresid_true	esm2_t12_35M_UR50D	0.172414	0.168103	17.43	msaresid_true__esm2_t12_35M_UR50D
n32_h0.25_r4	32	0.25	4	ml	none	0.137931	0.256201	253.15	ml__none
n32_h0.25_r4	32	0.25	4	bionj	none	0.172414	0.252308	253.15	bionj__none
n32_h0.25_r4	32	0.25	4	kmer	none	0.137931	0.163098	0.75	kmer__none
n32_h0.25_r5	32	0.25	5	meanpool	onehot	0.551724	0.277725	3.08	meanpool__onehot
n32_h0.25_r5	32	0.25	5	meanpool	esm2_t12_35M_UR50D	0.413793	0.215211	20.689999999999998	meanpool__esm2_t12_35M_UR50D
n32_h0.25_r5	32	0.25	5	pea	onehot	0.137931	0.079755	6.470000000000001	pea__onehot
n32_h0.25_r5	32	0.25	5	pea	esm2_t12_35M_UR50D	0.137931	0.090656	29.57	pea__esm2_t12_35M_UR50D
n32_h0.25_r5	32	0.25	5	msaresid_mafft	onehot	0.206897	0.164405	6.27	msaresid_mafft__onehot
n32_h0.25_r5	32	0.25	5	msaresid_mafft	esm2_t12_35M_UR50D	0.137931	0.090656	24.28	msaresid_mafft__esm2_t12_35M_UR50D
n32_h0.25_r5	32	0.25	5	msaresid_true	onehot	0.241379	0.179199	3.08	msaresid_true__onehot
n32_h0.25_r5	32	0.25	5	msaresid_true	esm2_t12_35M_UR50D	0.137931	0.090656	21.09	msaresid_true__esm2_t12_35M_UR50D
n32_h0.25_r5	32	0.25	5	ml	none	0.034483	0.001557	285.13	ml__none
n32_h0.25_r5	32	0.25	5	bionj	none	0.275862	0.194577	285.13	bionj__none
n32_h0.25_r5	32	0.25	5	kmer	none	0.172414	0.162848	0.63	kmer__none
n32_h0.25_r6	32	0.25	6	meanpool	onehot	0.344828	0.313571	3.73	meanpool__onehot
n32_h0.25_r6	32	0.25	6	meanpool	esm2_t12_35M_UR50D	0.551724	0.286624	17.11	meanpool__esm2_t12_35M_UR50D
n32_h0.25_r6	32	0.25	6	pea	onehot	0.068966	0.003699	4.45	pea__onehot
n32_h0.25_r6	32	0.25	6	pea	esm2_t12_35M_UR50D	0.172414	0.061652	26.380000000000003	pea__esm2_t12_35M_UR50D
n32_h0.25_r6	32	0.25	6	msaresid_mafft	onehot	0.103448	0.004505	7.620000000000001	msaresid_mafft__onehot
n32_h0.25_r6	32	0.25	6	msaresid_mafft	esm2_t12_35M_UR50D	0.206897	0.063209	19.94	msaresid_mafft__esm2_t12_35M_UR50D
n32_h0.25_r6	32	0.25	6	msaresid_true	onehot	0.137931	0.016185	2.62	msaresid_true__onehot
n32_h0.25_r6	32	0.25	6	msaresid_true	esm2_t12_35M_UR50D	0.206897	0.063209	17.39	msaresid_true__esm2_t12_35M_UR50D
n32_h0.25_r6	32	0.25	6	ml	none	0.068966	0.003699	192.04	ml__none
n32_h0.25_r6	32	0.25	6	bionj	none	0.206897	0.102725	192.04	bionj__none
n32_h0.25_r6	32	0.25	6	kmer	none	0.206897	0.067798	0.72	kmer__none
n32_h0.25_r7	32	0.25	7	meanpool	onehot	0.413793	0.158815	2.55	meanpool__onehot
n32_h0.25_r7	32	0.25	7	meanpool	esm2_t12_35M_UR50D	0.448276	0.336958	24.51	meanpool__esm2_t12_35M_UR50D
n32_h0.25_r7	32	0.25	7	pea	onehot	0.206897	0.151696	4.55	pea__onehot
n32_h0.25_r7	32	0.25	7	pea	esm2_t12_35M_UR50D	0.137931	0.006062	30.060000000000002	pea__esm2_t12_35M_UR50D
n32_h0.25_r7	32	0.25	7	msaresid_mafft	onehot	0.172414	0.041574	4.720000000000001	msaresid_mafft__onehot
n32_h0.25_r7	32	0.25	7	msaresid_mafft	esm2_t12_35M_UR50D	0.137931	0.006062	28.5	msaresid_mafft__esm2_t12_35M_UR50D
n32_h0.25_r7	32	0.25	7	msaresid_true	onehot	0.172414	0.041574	5.04	msaresid_true__onehot
n32_h0.25_r7	32	0.25	7	msaresid_true	esm2_t12_35M_UR50D	0.137931	0.006062	26.0	msaresid_true__esm2_t12_35M_UR50D
n32_h0.25_r7	32	0.25	7	ml	none	0.103448	0.022636	176.08	ml__none
n32_h0.25_r7	32	0.25	7	bionj	none	0.275862	0.140684	176.08	bionj__none
n32_h0.25_r7	32	0.25	7	kmer	none	0.206897	0.144689	0.81	kmer__none
n32_h0.25_r8	32	0.25	8	meanpool	onehot	0.517241	0.388654	2.06	meanpool__onehot
n32_h0.25_r8	32	0.25	8	meanpool	esm2_t12_35M_UR50D	0.517241	0.331034	19.169999999999998	meanpool__esm2_t12_35M_UR50D
n32_h0.25_r8	32	0.25	8	pea	onehot	0.068966	0.02005	4.06	pea__onehot
n32_h0.25_r8	32	0.25	8	pea	esm2_t12_35M_UR50D	0.137931	0.058454	28.31	pea__esm2_t12_35M_UR50D
n32_h0.25_r8	32	0.25	8	msaresid_mafft	onehot	0.137931	0.095467	5.87	msaresid_mafft__onehot
n32_h0.25_r8	32	0.25	8	msaresid_mafft	esm2_t12_35M_UR50D	0.275862	0.130784	23.93	msaresid_mafft__esm2_t12_35M_UR50D
n32_h0.25_r8	32	0.25	8	msaresid_true	onehot	0.137931	0.095467	2.07	msaresid_true__onehot
n32_h0.25_r8	32	0.25	8	msaresid_true	esm2_t12_35M_UR50D	0.206897	0.08629	19.869999999999997	msaresid_true__esm2_t12_35M_UR50D
n32_h0.25_r8	32	0.25	8	ml	none	0.068966	0.019299	279.84	ml__none
n32_h0.25_r8	32	0.25	8	bionj	none	0.206897	0.125862	279.84	bionj__none
n32_h0.25_r8	32	0.25	8	kmer	none	0.172414	0.118354	3.4	kmer__none
n32_h0.25_r9	32	0.25	9	meanpool	onehot	0.62069	0.455256	4.38	meanpool__onehot
n32_h0.25_r9	32	0.25	9	meanpool	esm2_t12_35M_UR50D	0.344828	0.193576	20.05	meanpool__esm2_t12_35M_UR50D
n32_h0.25_r9	32	0.25	9	pea	onehot	0.137931	0.098582	9.28	pea__onehot
n32_h0.25_r9	32	0.25	9	pea	esm2_t12_35M_UR50D	0.103448	0.019021	29.6	pea__esm2_t12_35M_UR50D
n32_h0.25_r9	32	0.25	9	msaresid_mafft	onehot	0.172414	0.113265	6.0600000000000005	msaresid_mafft__onehot
n32_h0.25_r9	32	0.25	9	msaresid_mafft	esm2_t12_35M_UR50D	0.137931	0.105784	23.72	msaresid_mafft__esm2_t12_35M_UR50D
n32_h0.25_r9	32	0.25	9	msaresid_true	onehot	0.172414	0.113265	3.21	msaresid_true__onehot
n32_h0.25_r9	32	0.25	9	msaresid_true	esm2_t12_35M_UR50D	0.137931	0.105784	21.61	msaresid_true__esm2_t12_35M_UR50D
n32_h0.25_r9	32	0.25	9	ml	none	0.034483	0.006257	154.86	ml__none
n32_h0.25_r9	32	0.25	9	bionj	none	0.172414	0.115156	154.86	bionj__none
n32_h0.25_r9	32	0.25	9	kmer	none	0.172414	0.119355	0.73	kmer__none
n32_h0.25_r10	32	0.25	10	meanpool	onehot	0.275862	0.101279	4.16	meanpool__onehot
n32_h0.25_r10	32	0.25	10	meanpool	esm2_t12_35M_UR50D	0.344828	0.12322	22.96	meanpool__esm2_t12_35M_UR50D
n32_h0.25_r10	32	0.25	10	pea	onehot	0.103448	0.015712	5.8	pea__onehot
n32_h0.25_r10	32	0.25	10	pea	esm2_t12_35M_UR50D	0.172414	0.090795	32.64	pea__esm2_t12_35M_UR50D
n32_h0.25_r10	32	0.25	10	msaresid_mafft	onehot	0.137931	0.017964	7.9	msaresid_mafft__onehot
n32_h0.25_r10	32	0.25	10	msaresid_mafft	esm2_t12_35M_UR50D	0.137931	0.018715	28.700000000000003	msaresid_mafft__esm2_t12_35M_UR50D
n32_h0.25_r10	32	0.25	10	msaresid_true	onehot	0.103448	0.015712	3.04	msaresid_true__onehot
n32_h0.25_r10	32	0.25	10	msaresid_true	esm2_t12_35M_UR50D	0.137931	0.018715	23.76	msaresid_true__esm2_t12_35M_UR50D
n32_h0.25_r10	32	0.25	10	ml	none	0.137931	0.087792	222.79000000000002	ml__none
n32_h0.25_r10	32	0.25	10	bionj	none	0.103448	0.015712	222.79000000000002	bionj__none
n32_h0.25_r10	32	0.25	10	kmer	none	0.068966	0.003699	0.71	kmer__none
n32_h0.25_r11	32	0.25	11	meanpool	onehot	0.482759	0.353281	2.76	meanpool__onehot
n32_h0.25_r11	32	0.25	11	meanpool	esm2_t12_35M_UR50D	0.37931	0.273053	19.05	meanpool__esm2_t12_35M_UR50D
n32_h0.25_r11	32	0.25	11	pea	onehot	0.103448	0.022636	5.08	pea__onehot
n32_h0.25_r11	32	0.25	11	pea	esm2_t12_35M_UR50D	0.310345	0.093576	28.77	pea__esm2_t12_35M_UR50D
n32_h0.25_r11	32	0.25	11	msaresid_mafft	onehot	0.068966	0.003059	5.2	msaresid_mafft__onehot
n32_h0.25_r11	32	0.25	11	msaresid_mafft	esm2_t12_35M_UR50D	0.344828	0.074027	21.970000000000002	msaresid_mafft__esm2_t12_35M_UR50D
n32_h0.25_r11	32	0.25	11	msaresid_true	onehot	0.068966	0.003059	4.1	msaresid_true__onehot
n32_h0.25_r11	32	0.25	11	msaresid_true	esm2_t12_35M_UR50D	0.310345	0.055673	19.74	msaresid_true__esm2_t12_35M_UR50D
n32_h0.25_r11	32	0.25	11	ml	none	0.103448	0.005311	164.79	ml__none
n32_h0.25_r11	32	0.25	11	bionj	none	0.103448	0.022636	164.79	bionj__none
n32_h0.25_r11	32	0.25	11	kmer	none	0.137931	0.028198	3.09	kmer__none
n32_h0.25_r12	32	0.25	12	meanpool	onehot	0.586207	0.414516	3.3899999999999997	meanpool__onehot
n32_h0.25_r12	32	0.25	12	meanpool	esm2_t12_35M_UR50D	0.413793	0.305478	21.58	meanpool__esm2_t12_35M_UR50D
n32_h0.25_r12	32	0.25	12	pea	onehot	0.137931	0.041073	4.64	pea__onehot
n32_h0.25_r12	32	0.25	12	pea	esm2_t12_35M_UR50D	0.034483	0.014683	31.529999999999998	pea__esm2_t12_35M_UR50D
n32_h0.25_r12	32	0.25	12	msaresid_mafft	onehot	0.172414	0.076001	4.27	msaresid_mafft__onehot
n32_h0.25_r12	32	0.25	12	msaresid_mafft	esm2_t12_35M_UR50D	0.034483	0.014683	24.189999999999998	msaresid_mafft__esm2_t12_35M_UR50D
n32_h0.25_r12	32	0.25	12	msaresid_true	onehot	0.172414	0.062653	2.1399999999999997	msaresid_true__onehot
n32_h0.25_r12	32	0.25	12	msaresid_true	esm2_t12_35M_UR50D	0.034483	0.014683	21.849999999999998	msaresid_true__esm2_t12_35M_UR50D
n32_h0.25_r12	32	0.25	12	ml	none	0.103448	0.032258	248.10999999999999	ml__none
n32_h0.25_r12	32	0.25	12	bionj	none	0.241379	0.154533	248.10999999999999	bionj__none
n32_h0.25_r12	32	0.25	12	kmer	none	0.172414	0.072219	0.88	kmer__none
n32_h0.25_r13	32	0.25	13	meanpool	onehot	0.655172	0.37703	2.64	meanpool__onehot
n32_h0.25_r13	32	0.25	13	meanpool	esm2_t12_35M_UR50D	0.448276	0.237291	16.369999999999997	meanpool__esm2_t12_35M_UR50D
n32_h0.25_r13	32	0.25	13	pea	onehot	0.137931	0.064572	4.48	pea__onehot
n32_h0.25_r13	32	0.25	13	pea	esm2_t12_35M_UR50D	0.103448	0.038293	21.16	pea__esm2_t12_35M_UR50D
n32_h0.25_r13	32	0.25	13	msaresid_mafft	onehot	0.103448	0.052558	5.279999999999999	msaresid_mafft__onehot
n32_h0.25_r13	32	0.25	13	msaresid_mafft	esm2_t12_35M_UR50D	0.137931	0.125445	19.47	msaresid_mafft__esm2_t12_35M_UR50D
n32_h0.25_r13	32	0.25	13	msaresid_true	onehot	0.103448	0.136652	2.4	msaresid_true__onehot
n32_h0.25_r13	32	0.25	13	msaresid_true	esm2_t12_35M_UR50D	0.103448	0.015072	17.02	msaresid_true__esm2_t12_35M_UR50D
n32_h0.25_r13	32	0.25	13	ml	none	0.034483	0.000806	185.04	ml__none
n32_h0.25_r13	32	0.25	13	bionj	none	0.137931	0.041185	185.04	bionj__none
n32_h0.25_r13	32	0.25	13	kmer	none	0.172414	0.065378	0.76	kmer__none
n32_h0.25_r14	32	0.25	14	meanpool	onehot	0.62069	0.270217	2.32	meanpool__onehot
n32_h0.25_r14	32	0.25	14	meanpool	esm2_t12_35M_UR50D	0.62069	0.351307	17.62	meanpool__esm2_t12_35M_UR50D
n32_h0.25_r14	32	0.25	14	pea	onehot	0.137931	0.055006	3.9299999999999997	pea__onehot
n32_h0.25_r14	32	0.25	14	pea	esm2_t12_35M_UR50D	0.137931	0.056785	26.04	pea__esm2_t12_35M_UR50D
n32_h0.25_r14	32	0.25	14	msaresid_mafft	onehot	0.137931	0.043326	4.37	msaresid_mafft__onehot
n32_h0.25_r14	32	0.25	14	msaresid_mafft	esm2_t12_35M_UR50D	0.137931	0.056785	20.37	msaresid_mafft__esm2_t12_35M_UR50D
n32_h0.25_r14	32	0.25	14	msaresid_true	onehot	0.137931	0.055006	2.13	msaresid_true__onehot
n32_h0.25_r14	32	0.25	14	msaresid_true	esm2_t12_35M_UR50D	0.137931	0.056785	18.1	msaresid_true__esm2_t12_35M_UR50D
n32_h0.25_r14	32	0.25	14	ml	none	0.068966	0.024166	177.82999999999998	ml__none
n32_h0.25_r14	32	0.25	14	bionj	none	0.068966	0.028921	177.82999999999998	bionj__none
n32_h0.25_r14	32	0.25	14	kmer	none	0.206897	0.079922	0.64	kmer__none
n32_h0.25_r15	32	0.25	15	meanpool	onehot	0.655172	0.434761	1.9000000000000001	meanpool__onehot
n32_h0.25_r15	32	0.25	15	meanpool	esm2_t12_35M_UR50D	0.517241	0.186791	15.2	meanpool__esm2_t12_35M_UR50D
n32_h0.25_r15	32	0.25	15	pea	onehot	0.241379	0.115434	5.32	pea__onehot
n32_h0.25_r15	32	0.25	15	pea	esm2_t12_35M_UR50D	0.172414	0.024444	25.2	pea__esm2_t12_35M_UR50D
n32_h0.25_r15	32	0.25	15	msaresid_mafft	onehot	0.172414	0.057008	5.220000000000001	msaresid_mafft__onehot
n32_h0.25_r15	32	0.25	15	msaresid_mafft	esm2_t12_35M_UR50D	0.172414	0.023359	18.16	msaresid_mafft__esm2_t12_35M_UR50D
n32_h0.25_r15	32	0.25	15	msaresid_true	onehot	0.206897	0.098304	2.69	msaresid_true__onehot
n32_h0.25_r15	32	0.25	15	msaresid_true	esm2_t12_35M_UR50D	0.172414	0.023359	15.419999999999998	msaresid_true__esm2_t12_35M_UR50D
n32_h0.25_r15	32	0.25	15	ml	none	0.103448	0.005617	216.04000000000002	ml__none
n32_h0.25_r15	32	0.25	15	bionj	none	0.137931	0.041657	216.04000000000002	bionj__none
n32_h0.25_r15	32	0.25	15	kmer	none	0.241379	0.066268	0.66	kmer__none
n32_h0.25_r16	32	0.25	16	meanpool	onehot	0.517241	0.449305	2.51	meanpool__onehot
n32_h0.25_r16	32	0.25	16	meanpool	esm2_t12_35M_UR50D	0.517241	0.349778	19.240000000000002	meanpool__esm2_t12_35M_UR50D
n32_h0.25_r16	32	0.25	16	pea	onehot	0.172414	0.048081	5.26	pea__onehot
n32_h0.25_r16	32	0.25	16	pea	esm2_t12_35M_UR50D	0.172414	0.106813	24.83	pea__esm2_t12_35M_UR50D
n32_h0.25_r16	32	0.25	16	msaresid_mafft	onehot	0.172414	0.048081	5.699999999999999	msaresid_mafft__onehot
n32_h0.25_r16	32	0.25	16	msaresid_mafft	esm2_t12_35M_UR50D	0.172414	0.106813	22.21	msaresid_mafft__esm2_t12_35M_UR50D
n32_h0.25_r16	32	0.25	16	msaresid_true	onehot	0.172414	0.048081	2.27	msaresid_true__onehot
n32_h0.25_r16	32	0.25	16	msaresid_true	esm2_t12_35M_UR50D	0.172414	0.106813	19.98	msaresid_true__esm2_t12_35M_UR50D
n32_h0.25_r16	32	0.25	16	ml	none	0.103448	0.093437	202.12	ml__none
n32_h0.25_r16	32	0.25	16	bionj	none	0.310345	0.22094	202.12	bionj__none
n32_h0.25_r16	32	0.25	16	kmer	none	0.206897	0.123915	0.6	kmer__none
n32_h0.25_r17	32	0.25	17	meanpool	onehot	0.482759	0.41916	2.59	meanpool__onehot
n32_h0.25_r17	32	0.25	17	meanpool	esm2_t12_35M_UR50D	0.310345	0.147052	16.37	meanpool__esm2_t12_35M_UR50D
n32_h0.25_r17	32	0.25	17	pea	onehot	0.137931	0.017603	6.07	pea__onehot
n32_h0.25_r17	32	0.25	17	pea	esm2_t12_35M_UR50D	0.068966	0.013042	23.66	pea__esm2_t12_35M_UR50D
n32_h0.25_r17	32	0.25	17	msaresid_mafft	onehot	0.137931	0.016157	8.440000000000001	msaresid_mafft__onehot
n32_h0.25_r17	32	0.25	17	msaresid_mafft	esm2_t12_35M_UR50D	0.068966	0.013042	19.349999999999998	msaresid_mafft__esm2_t12_35M_UR50D
n32_h0.25_r17	32	0.25	17	msaresid_true	onehot	0.137931	0.016157	2.69	msaresid_true__onehot
n32_h0.25_r17	32	0.25	17	msaresid_true	esm2_t12_35M_UR50D	0.068966	0.013042	16.74	msaresid_true__esm2_t12_35M_UR50D
n32_h0.25_r17	32	0.25	17	ml	none	0.137931	0.016157	291.51	ml__none
n32_h0.25_r17	32	0.25	17	bionj	none	0.172414	0.116268	291.51	bionj__none
n32_h0.25_r17	32	0.25	17	kmer	none	0.206897	0.192464	0.94	kmer__none
n32_h0.25_r18	32	0.25	18	meanpool	onehot	0.448276	0.391935	2.16	meanpool__onehot
n32_h0.25_r18	32	0.25	18	meanpool	esm2_t12_35M_UR50D	0.37931	0.22678	19.669999999999998	meanpool__esm2_t12_35M_UR50D
n32_h0.25_r18	32	0.25	18	pea	onehot	0.137931	0.054394	5.34	pea__onehot
n32_h0.25_r18	32	0.25	18	pea	esm2_t12_35M_UR50D	0.137931	0.011402	29.54	pea__esm2_t12_35M_UR50D
n32_h0.25_r18	32	0.25	18	msaresid_mafft	onehot	0.137931	0.054394	5.45	msaresid_mafft__onehot
n32_h0.25_r18	32	0.25	18	msaresid_mafft	esm2_t12_35M_UR50D	0.137931	0.011402	23.43	msaresid_mafft__esm2_t12_35M_UR50D
n32_h0.25_r18	32	0.25	18	msaresid_true	onehot	0.172414	0.055951	2.05	msaresid_true__onehot
n32_h0.25_r18	32	0.25	18	msaresid_true	esm2_t12_35M_UR50D	0.137931	0.011402	20.06	msaresid_true__esm2_t12_35M_UR50D
n32_h0.25_r18	32	0.25	18	ml	none	0.103448	0.022386	187.01000000000002	ml__none
n32_h0.25_r18	32	0.25	18	bionj	none	0.172414	0.055951	187.01000000000002	bionj__none
n32_h0.25_r18	32	0.25	18	kmer	none	0.172414	0.063988	1.16	kmer__none
n32_h0.25_r19	32	0.25	19	meanpool	onehot	0.551724	0.409594	2.46	meanpool__onehot
n32_h0.25_r19	32	0.25	19	meanpool	esm2_t12_35M_UR50D	0.551724	0.332592	24.22	meanpool__esm2_t12_35M_UR50D
n32_h0.25_r19	32	0.25	19	pea	onehot	0.137931	0.037653	4.49	pea__onehot
n32_h0.25_r19	32	0.25	19	pea	esm2_t12_35M_UR50D	0.137931	0.023637	34.47	pea__esm2_t12_35M_UR50D
n32_h0.25_r19	32	0.25	19	msaresid_mafft	onehot	0.137931	0.023637	5.22	msaresid_mafft__onehot
n32_h0.25_r19	32	0.25	19	msaresid_mafft	esm2_t12_35M_UR50D	0.103448	0.022831	27.810000000000002	msaresid_mafft__esm2_t12_35M_UR50D
n32_h0.25_r19	32	0.25	19	msaresid_true	onehot	0.103448	0.026641	3.3000000000000003	msaresid_true__onehot
n32_h0.25_r19	32	0.25	19	msaresid_true	esm2_t12_35M_UR50D	0.068966	0.010595	24.98	msaresid_true__esm2_t12_35M_UR50D
n32_h0.25_r19	32	0.25	19	ml	none	0.172414	0.041991	282.97999999999996	ml__none
n32_h0.25_r19	32	0.25	19	bionj	none	0.241379	0.136346	282.97999999999996	bionj__none
n32_h0.25_r19	32	0.25	19	kmer	none	0.137931	0.086485	0.6	kmer__none
n32_h0.5_r0	32	0.5	0	meanpool	onehot	0.689655	0.403726	2.63	meanpool__onehot
n32_h0.5_r0	32	0.5	0	meanpool	esm2_t12_35M_UR50D	0.689655	0.384288	19.04	meanpool__esm2_t12_35M_UR50D
n32_h0.5_r0	32	0.5	0	pea	onehot	0.103448	0.011958	5.41	pea__onehot
n32_h0.5_r0	32	0.5	0	pea	esm2_t12_35M_UR50D	0.068966	0.005145	29.93	pea__esm2_t12_35M_UR50D
n32_h0.5_r0	32	0.5	0	msaresid_mafft	onehot	0.068966	0.002364	5.67	msaresid_mafft__onehot
n32_h0.5_r0	32	0.5	0	msaresid_mafft	esm2_t12_35M_UR50D	0.034483	0.000806	23.49	msaresid_mafft__esm2_t12_35M_UR50D
n32_h0.5_r0	32	0.5	0	msaresid_true	onehot	0.103448	0.004616	3.23	msaresid_true__onehot
n32_h0.5_r0	32	0.5	0	msaresid_true	esm2_t12_35M_UR50D	0.034483	0.000806	19.82	msaresid_true__esm2_t12_35M_UR50D
n32_h0.5_r0	32	0.5	0	ml	none	0.034483	0.003476	270.66	ml__none
n32_h0.5_r0	32	0.5	0	bionj	none	0.137931	0.014182	270.66	bionj__none
n32_h0.5_r0	32	0.5	0	kmer	none	0.103448	0.004616	0.6	kmer__none
n32_h0.5_r1	32	0.5	1	meanpool	onehot	0.448276	0.361958	2.3600000000000003	meanpool__onehot
n32_h0.5_r1	32	0.5	1	meanpool	esm2_t12_35M_UR50D	0.310345	0.406201	14.57	meanpool__esm2_t12_35M_UR50D
n32_h0.5_r1	32	0.5	1	pea	onehot	0.206897	0.186596	4.35	pea__onehot
n32_h0.5_r1	32	0.5	1	pea	esm2_t12_35M_UR50D	0.206897	0.125918	19.82	pea__esm2_t12_35M_UR50D
n32_h0.5_r1	32	0.5	1	msaresid_mafft	onehot	0.241379	0.153226	5.13	msaresid_mafft__onehot
n32_h0.5_r1	32	0.5	1	msaresid_mafft	esm2_t12_35M_UR50D	0.206897	0.137152	18.28	msaresid_mafft__esm2_t12_35M_UR50D
n32_h0.5_r1	32	0.5	1	msaresid_true	onehot	0.241379	0.153226	5.390000000000001	msaresid_true__onehot
n32_h0.5_r1	32	0.5	1	msaresid_true	esm2_t12_35M_UR50D	0.206897	0.137152	15.290000000000001	msaresid_true__esm2_t12_35M_UR50D
n32_h0.5_r1	32	0.5	1	ml	none	0.206897	0.159956	444.83	ml__none
n32_h0.5_r1	32	0.5	1	bionj	none	0.310345	0.227475	444.83	bionj__none
n32_h0.5_r1	32	0.5	1	kmer	none	0.172414	0.098471	0.93	kmer__none
n32_h0.5_r2	32	0.5	2	meanpool	onehot	0.655172	0.529616	2.05	meanpool__onehot
n32_h0.5_r2	32	0.5	2	meanpool	esm2_t12_35M_UR50D	0.551724	0.463209	15.3	meanpool__esm2_t12_35M_UR50D
n32_h0.5_r2	32	0.5	2	pea	onehot	0.275862	0.151001	5.94	pea__onehot
n32_h0.5_r2	32	0.5	2	pea	esm2_t12_35M_UR50D	0.241379	0.050973	26.18	pea__esm2_t12_35M_UR50D
n32_h0.5_r2	32	0.5	2	msaresid_mafft	onehot	0.310345	0.215573	8.94	msaresid_mafft__onehot
n32_h0.5_r2	32	0.5	2	msaresid_mafft	esm2_t12_35M_UR50D	0.310345	0.171107	20.43	msaresid_mafft__esm2_t12_35M_UR50D
n32_h0.5_r2	32	0.5	2	msaresid_true	onehot	0.241379	0.167964	2.95	msaresid_true__onehot
n32_h0.5_r2	32	0.5	2	msaresid_true	esm2_t12_35M_UR50D	0.275862	0.117714	16.1	msaresid_true__esm2_t12_35M_UR50D
n32_h0.5_r2	32	0.5	2	ml	none	0.137931	0.072692	362.96999999999997	ml__none
n32_h0.5_r2	32	0.5	2	bionj	none	0.37931	0.265545	362.96999999999997	bionj__none
n32_h0.5_r2	32	0.5	2	kmer	none	0.344828	0.225056	0.66	kmer__none
n32_h0.5_r3	32	0.5	3	meanpool	onehot	0.62069	0.354644	2.58	meanpool__onehot
n32_h0.5_r3	32	0.5	3	meanpool	esm2_t12_35M_UR50D	0.413793	0.239822	17.45	meanpool__esm2_t12_35M_UR50D
n32_h0.5_r3	32	0.5	3	pea	onehot	0.172414	0.09772	5.7299999999999995	pea__onehot
n32_h0.5_r3	32	0.5	3	pea	esm2_t12_35M_UR50D	0.241379	0.080061	22.1	pea__esm2_t12_35M_UR50D
n32_h0.5_r3	32	0.5	3	msaresid_mafft	onehot	0.206897	0.099277	7.7299999999999995	msaresid_mafft__onehot
n32_h0.5_r3	32	0.5	3	msaresid_mafft	esm2_t12_35M_UR50D	0.206897	0.009983	20.58	msaresid_mafft__esm2_t12_35M_UR50D
n32_h0.5_r3	32	0.5	3	msaresid_true	onehot	0.241379	0.100083	3.33	msaresid_true__onehot
n32_h0.5_r3	32	0.5	3	msaresid_true	esm2_t12_35M_UR50D	0.241379	0.080061	18.04	msaresid_true__esm2_t12_35M_UR50D
n32_h0.5_r3	32	0.5	3	ml	none	0.137931	0.011151	284.53	ml__none
n32_h0.5_r3	32	0.5	3	bionj	none	0.275862	0.105172	284.53	bionj__none
n32_h0.5_r3	32	0.5	3	kmer	none	0.206897	0.079255	0.6	kmer__none
n32_h0.5_r4	32	0.5	4	meanpool	onehot	0.758621	0.355784	3.39	meanpool__onehot
n32_h0.5_r4	32	0.5	4	meanpool	esm2_t12_35M_UR50D	0.551724	0.20292	17.35	meanpool__esm2_t12_35M_UR50D
n32_h0.5_r4	32	0.5	4	pea	onehot	0.310345	0.122303	6.08	pea__onehot
n32_h0.5_r4	32	0.5	4	pea	esm2_t12_35M_UR50D	0.206897	0.103726	22.48	pea__esm2_t12_35M_UR50D
n32_h0.5_r4	32	0.5	4	msaresid_mafft	onehot	0.172414	0.11535	5.74	msaresid_mafft__onehot
n32_h0.5_r4	32	0.5	4	msaresid_mafft	esm2_t12_35M_UR50D	0.241379	0.10673	21.2	msaresid_mafft__esm2_t12_35M_UR50D
n32_h0.5_r4	32	0.5	4	msaresid_true	onehot	0.172414	0.092909	3.46	msaresid_true__onehot
n32_h0.5_r4	32	0.5	4	msaresid_true	esm2_t12_35M_UR50D	0.206897	0.101029	18.26	msaresid_true__esm2_t12_35M_UR50D
n32_h0.5_r4	32	0.5	4	ml	none	0.137931	0.013348	318.37	ml__none
n32_h0.5_r4	32	0.5	4	bionj	none	0.241379	0.125945	318.37	bionj__none
n32_h0.5_r4	32	0.5	4	kmer	none	0.241379	0.024277	0.62	kmer__none
n32_h0.5_r5	32	0.5	5	meanpool	onehot	0.551724	0.35114	1.95	meanpool__onehot
n32_h0.5_r5	32	0.5	5	meanpool	esm2_t12_35M_UR50D	0.586207	0.355145	20.259999999999998	meanpool__esm2_t12_35M_UR50D
n32_h0.5_r5	32	0.5	5	pea	onehot	0.206897	0.154867	4.42	pea__onehot
n32_h0.5_r5	32	0.5	5	pea	esm2_t12_35M_UR50D	0.172414	0.02272	24.119999999999997	pea__esm2_t12_35M_UR50D
n32_h0.5_r5	32	0.5	5	msaresid_mafft	onehot	0.137931	0.012041	4.58	msaresid_mafft__onehot
n32_h0.5_r5	32	0.5	5	msaresid_mafft	esm2_t12_35M_UR50D	0.206897	0.023526	23.049999999999997	msaresid_mafft__esm2_t12_35M_UR50D
n32_h0.5_r5	32	0.5	5	msaresid_true	onehot	0.137931	0.012041	2.14	msaresid_true__onehot
n32_h0.5_r5	32	0.5	5	msaresid_true	esm2_t12_35M_UR50D	0.241379	0.024333	20.9	msaresid_true__esm2_t12_35M_UR50D
n32_h0.5_r5	32	0.5	5	ml	none	0.241379	0.12119	232.67999999999998	ml__none
n32_h0.5_r5	32	0.5	5	bionj	none	0.206897	0.137653	232.67999999999998	bionj__none
n32_h0.5_r5	32	0.5	5	kmer	none	0.103448	0.005367	0.55	kmer__none
n32_h0.5_r6	32	0.5	6	meanpool	onehot	0.689655	0.269438	1.6099999999999999	meanpool__onehot
n32_h0.5_r6	32	0.5	6	meanpool	esm2_t12_35M_UR50D	0.655172	0.188348	20.87	meanpool__esm2_t12_35M_UR50D
n32_h0.5_r6	32	0.5	6	pea	onehot	0.206897	0.133343	4.06	pea__onehot
n32_h0.5_r6	32	0.5	6	pea	esm2_t12_35M_UR50D	0.310345	0.155284	25.61	pea__esm2_t12_35M_UR50D
n32_h0.5_r6	32	0.5	6	msaresid_mafft	onehot	0.206897	0.087875	6.46	msaresid_mafft__onehot
n32_h0.5_r6	32	0.5	6	msaresid_mafft	esm2_t12_35M_UR50D	0.275862	0.107675	24.07	msaresid_mafft__esm2_t12_35M_UR50D
n32_h0.5_r6	32	0.5	6	msaresid_true	onehot	0.206897	0.072303	1.9500000000000002	msaresid_true__onehot
n32_h0.5_r6	32	0.5	6	msaresid_true	esm2_t12_35M_UR50D	0.241379	0.082759	21.130000000000003	msaresid_true__esm2_t12_35M_UR50D
n32_h0.5_r6	32	0.5	6	ml	none	0.137931	0.085512	222.47	ml__none
n32_h0.5_r6	32	0.5	6	bionj	none	0.206897	0.140017	222.47	bionj__none
n32_h0.5_r6	32	0.5	6	kmer	none	0.241379	0.138654	1.47	kmer__none
n32_h0.5_r7	32	0.5	7	meanpool	onehot	0.586207	0.413765	2.43	meanpool__onehot
n32_h0.5_r7	32	0.5	7	meanpool	esm2_t12_35M_UR50D	0.517241	0.331146	16.4	meanpool__esm2_t12_35M_UR50D
n32_h0.5_r7	32	0.5	7	pea	onehot	0.137931	0.126863	3.86	pea__onehot
n32_h0.5_r7	32	0.5	7	pea	esm2_t12_35M_UR50D	0.241379	0.118576	21.41	pea__esm2_t12_35M_UR50D
n32_h0.5_r7	32	0.5	7	msaresid_mafft	onehot	0.137931	0.124778	4.45	msaresid_mafft__onehot
n32_h0.5_r7	32	0.5	7	msaresid_mafft	esm2_t12_35M_UR50D	0.206897	0.098137	19.34	msaresid_mafft__esm2_t12_35M_UR50D
n32_h0.5_r7	32	0.5	7	msaresid_true	onehot	0.172414	0.12767	2.05	msaresid_true__onehot
n32_h0.5_r7	32	0.5	7	msaresid_true	esm2_t12_35M_UR50D	0.206897	0.100222	16.79	msaresid_true__esm2_t12_35M_UR50D
n32_h0.5_r7	32	0.5	7	ml	none	0.103448	0.022914	339.72	ml__none
n32_h0.5_r7	32	0.5	7	bionj	none	0.172414	0.030256	339.72	bionj__none
n32_h0.5_r7	32	0.5	7	kmer	none	0.172414	0.127781	0.65	kmer__none
n32_h0.5_r8	32	0.5	8	meanpool	onehot	0.413793	0.275	3.12	meanpool__onehot
n32_h0.5_r8	32	0.5	8	meanpool	esm2_t12_35M_UR50D	0.413793	0.295412	21.009999999999998	meanpool__esm2_t12_35M_UR50D
n32_h0.5_r8	32	0.5	8	pea	onehot	0.172414	0.092853	6.15	pea__onehot
n32_h0.5_r8	32	0.5	8	pea	esm2_t12_35M_UR50D	0.137931	0.027531	26.14	pea__esm2_t12_35M_UR50D
n32_h0.5_r8	32	0.5	8	msaresid_mafft	onehot	0.137931	0.086596	5.59	msaresid_mafft__onehot
n32_h0.5_r8	32	0.5	8	msaresid_mafft	esm2_t12_35M_UR50D	0.172414	0.028337	24.109999999999996	msaresid_mafft__esm2_t12_35M_UR50D
n32_h0.5_r8	32	0.5	8	msaresid_true	onehot	0.172414	0.101947	3.0999999999999996	msaresid_true__onehot
n32_h0.5_r8	32	0.5	8	msaresid_true	esm2_t12_35M_UR50D	0.172414	0.028337	21.56	msaresid_true__esm2_t12_35M_UR50D
n32_h0.5_r8	32	0.5	8	ml	none	0.068966	0.011819	296.01	ml__none
n32_h0.5_r8	32	0.5	8	bionj	none	0.241379	0.093882	296.01	bionj__none
n32_h0.5_r8	32	0.5	8	kmer	none	0.137931	0.02208	0.6	kmer__none
n32_h0.5_r9	32	0.5	9	meanpool	onehot	0.482759	0.275417	2.15	meanpool__onehot
n32_h0.5_r9	32	0.5	9	meanpool	esm2_t12_35M_UR50D	0.37931	0.207759	17.4	meanpool__esm2_t12_35M_UR50D
n32_h0.5_r9	32	0.5	9	pea	onehot	0.137931	0.014544	5.93	pea__onehot
n32_h0.5_r9	32	0.5	9	pea	esm2_t12_35M_UR50D	0.344828	0.236429	23.12	pea__esm2_t12_35M_UR50D
n32_h0.5_r9	32	0.5	9	msaresid_mafft	onehot	0.241379	0.168826	4.68	msaresid_mafft__onehot
n32_h0.5_r9	32	0.5	9	msaresid_mafft	esm2_t12_35M_UR50D	0.275862	0.217909	21.150000000000002	msaresid_mafft__esm2_t12_35M_UR50D
n32_h0.5_r9	32	0.5	9	msaresid_true	onehot	0.241379	0.166157	2.23	msaresid_true__onehot
n32_h0.5_r9	32	0.5	9	msaresid_true	esm2_t12_35M_UR50D	0.241379	0.16535	18.14	msaresid_true__esm2_t12_35M_UR50D
n32_h0.5_r9	32	0.5	9	ml	none	0.137931	0.082202	360.06	ml__none
n32_h0.5_r9	32	0.5	9	bionj	none	0.241379	0.211652	360.06	bionj__none
n32_h0.5_r9	32	0.5	9	kmer	none	0.310345	0.246107	0.7	kmer__none
n32_h0.5_r10	32	0.5	10	meanpool	onehot	0.62069	0.420634	2.09	meanpool__onehot
n32_h0.5_r10	32	0.5	10	meanpool	esm2_t12_35M_UR50D	0.517241	0.281452	24.71	meanpool__esm2_t12_35M_UR50D
n32_h0.5_r10	32	0.5	10	pea	onehot	0.275862	0.13579	7.8999999999999995	pea__onehot
n32_h0.5_r10	32	0.5	10	pea	esm2_t12_35M_UR50D	0.206897	0.06396	30.28	pea__esm2_t12_35M_UR50D
n32_h0.5_r10	32	0.5	10	msaresid_mafft	onehot	0.206897	0.086958	5.74	msaresid_mafft__onehot
n32_h0.5_r10	32	0.5	10	msaresid_mafft	esm2_t12_35M_UR50D	0.172414	0.060484	28.97	msaresid_mafft__esm2_t12_35M_UR50D
n32_h0.5_r10	32	0.5	10	msaresid_true	onehot	0.206897	0.086958	2.31	msaresid_true__onehot
n32_h0.5_r10	32	0.5	10	msaresid_true	esm2_t12_35M_UR50D	0.172414	0.060484	25.35	msaresid_true__esm2_t12_35M_UR50D
n32_h0.5_r10	32	0.5	10	ml	none	0.103448	0.060901	375.26000000000005	ml__none
n32_h0.5_r10	32	0.5	10	bionj	none	0.172414	0.104449	375.26000000000005	bionj__none
n32_h0.5_r10	32	0.5	10	kmer	none	0.172414	0.050111	0.83	kmer__none
n32_h0.5_r11	32	0.5	11	meanpool	onehot	0.482759	0.350417	2.52	meanpool__onehot
n32_h0.5_r11	32	0.5	11	meanpool	esm2_t12_35M_UR50D	0.517241	0.352475	15.74	meanpool__esm2_t12_35M_UR50D
n32_h0.5_r11	32	0.5	11	pea	onehot	0.172414	0.06688	4.77	pea__onehot
n32_h0.5_r11	32	0.5	11	pea	esm2_t12_35M_UR50D	0.206897	0.059205	25.04	pea__esm2_t12_35M_UR50D
n32_h0.5_r11	32	0.5	11	msaresid_mafft	onehot	0.172414	0.090712	7.52	msaresid_mafft__onehot
n32_h0.5_r11	32	0.5	11	msaresid_mafft	esm2_t12_35M_UR50D	0.172414	0.042269	21.02	msaresid_mafft__esm2_t12_35M_UR50D
n32_h0.5_r11	32	0.5	11	msaresid_true	onehot	0.206897	0.129616	2.6	msaresid_true__onehot
n32_h0.5_r11	32	0.5	11	msaresid_true	esm2_t12_35M_UR50D	0.172414	0.042269	16.67	msaresid_true__esm2_t12_35M_UR50D
n32_h0.5_r11	32	0.5	11	ml	none	0.068966	0.08465	298.33	ml__none
n32_h0.5_r11	32	0.5	11	bionj	none	0.206897	0.146885	298.33	bionj__none
n32_h0.5_r11	32	0.5	11	kmer	none	0.172414	0.014127	0.39	kmer__none
n32_h0.5_r12	32	0.5	12	meanpool	onehot	0.37931	0.276808	2.74	meanpool__onehot
n32_h0.5_r12	32	0.5	12	meanpool	esm2_t12_35M_UR50D	0.344828	0.185818	31.0	meanpool__esm2_t12_35M_UR50D
n32_h0.5_r12	32	0.5	12	pea	onehot	0.103448	0.005951	4.3100000000000005	pea__onehot
n32_h0.5_r12	32	0.5	12	pea	esm2_t12_35M_UR50D	0.068966	0.005145	37.64	pea__esm2_t12_35M_UR50D
n32_h0.5_r12	32	0.5	12	msaresid_mafft	onehot	0.137931	0.036235	5.58	msaresid_mafft__onehot
n32_h0.5_r12	32	0.5	12	msaresid_mafft	esm2_t12_35M_UR50D	0.068966	0.005145	33.4	msaresid_mafft__esm2_t12_35M_UR50D
n32_h0.5_r12	32	0.5	12	msaresid_true	onehot	0.137931	0.036235	2.63	msaresid_true__onehot
n32_h0.5_r12	32	0.5	12	msaresid_true	esm2_t12_35M_UR50D	0.068966	0.005145	31.39	msaresid_true__esm2_t12_35M_UR50D
n32_h0.5_r12	32	0.5	12	ml	none	0.103448	0.010706	164.19000000000003	ml__none
n32_h0.5_r12	32	0.5	12	bionj	none	0.137931	0.049444	164.19000000000003	bionj__none
n32_h0.5_r12	32	0.5	12	kmer	none	0.137931	0.036235	0.59	kmer__none
n32_h0.5_r13	32	0.5	13	meanpool	onehot	0.689655	0.45406	4.0600000000000005	meanpool__onehot
n32_h0.5_r13	32	0.5	13	meanpool	esm2_t12_35M_UR50D	0.655172	0.315823	19.93	meanpool__esm2_t12_35M_UR50D
n32_h0.5_r13	32	0.5	13	pea	onehot	0.275862	0.090434	4.67	pea__onehot
n32_h0.5_r13	32	0.5	13	pea	esm2_t12_35M_UR50D	0.275862	0.127697	25.9	pea__esm2_t12_35M_UR50D
n32_h0.5_r13	32	0.5	13	msaresid_mafft	onehot	0.275862	0.134928	9.629999999999999	msaresid_mafft__onehot
n32_h0.5_r13	32	0.5	13	msaresid_mafft	esm2_t12_35M_UR50D	0.275862	0.126585	27.0	msaresid_mafft__esm2_t12_35M_UR50D
n32_h0.5_r13	32	0.5	13	msaresid_true	onehot	0.275862	0.129366	3.23	msaresid_true__onehot
n32_h0.5_r13	32	0.5	13	msaresid_true	esm2_t12_35M_UR50D	0.275862	0.126585	20.34	msaresid_true__esm2_t12_35M_UR50D
n32_h0.5_r13	32	0.5	13	ml	none	0.275862	0.124694	444.98999999999995	ml__none
n32_h0.5_r13	32	0.5	13	bionj	none	0.206897	0.077864	444.98999999999995	bionj__none
n32_h0.5_r13	32	0.5	13	kmer	none	0.241379	0.152725	-0.1	kmer__none
n32_h0.5_r14	32	0.5	14	meanpool	onehot	0.517241	0.240907	2.74	meanpool__onehot
n32_h0.5_r14	32	0.5	14	meanpool	esm2_t12_35M_UR50D	0.37931	0.276112	18.15	meanpool__esm2_t12_35M_UR50D
n32_h0.5_r14	32	0.5	14	pea	onehot	0.103448	0.09391	4.140000000000001	pea__onehot
n32_h0.5_r14	32	0.5	14	pea	esm2_t12_35M_UR50D	0.103448	0.005367	23.59	pea__esm2_t12_35M_UR50D
n32_h0.5_r14	32	0.5	14	msaresid_mafft	onehot	0.103448	0.004616	5.39	msaresid_mafft__onehot
n32_h0.5_r14	32	0.5	14	msaresid_mafft	esm2_t12_35M_UR50D	0.172414	0.008426	21.65	msaresid_mafft__esm2_t12_35M_UR50D
n32_h0.5_r14	32	0.5	14	msaresid_true	onehot	0.068966	0.003115	4.95	msaresid_true__onehot
n32_h0.5_r14	32	0.5	14	msaresid_true	esm2_t12_35M_UR50D	0.172414	0.008426	18.61	msaresid_true__esm2_t12_35M_UR50D
n32_h0.5_r14	32	0.5	14	ml	none	0.034483	0.001557	198.69	ml__none
n32_h0.5_r14	32	0.5	14	bionj	none	0.172414	0.008426	198.69	bionj__none
n32_h0.5_r14	32	0.5	14	kmer	none	0.137931	0.006174	0.72	kmer__none
n32_h0.5_r15	32	0.5	15	meanpool	onehot	0.517241	0.269438	3.6100000000000003	meanpool__onehot
n32_h0.5_r15	32	0.5	15	meanpool	esm2_t12_35M_UR50D	0.413793	0.370273	19.09	meanpool__esm2_t12_35M_UR50D
n32_h0.5_r15	32	0.5	15	pea	onehot	0.172414	0.09772	5.3	pea__onehot
n32_h0.5_r15	32	0.5	15	pea	esm2_t12_35M_UR50D	0.172414	0.100612	24.95	pea__esm2_t12_35M_UR50D
n32_h0.5_r15	32	0.5	15	msaresid_mafft	onehot	0.103448	0.078142	8.52	msaresid_mafft__onehot
n32_h0.5_r15	32	0.5	15	msaresid_mafft	esm2_t12_35M_UR50D	0.034483	0.083426	25.0	msaresid_mafft__esm2_t12_35M_UR50D
n32_h0.5_r15	32	0.5	15	msaresid_true	onehot	0.103448	0.078142	3.84	msaresid_true__onehot
n32_h0.5_r15	32	0.5	15	msaresid_true	esm2_t12_35M_UR50D	0.068966	0.086318	19.5	msaresid_true__esm2_t12_35M_UR50D
n32_h0.5_r15	32	0.5	15	ml	none	0.034483	0.008343	347.71999999999997	ml__none
n32_h0.5_r15	32	0.5	15	bionj	none	0.172414	0.115406	347.71999999999997	bionj__none
n32_h0.5_r15	32	0.5	15	kmer	none	0.103448	0.026418	1.81	kmer__none
n32_h0.5_r16	32	0.5	16	meanpool	onehot	0.482759	0.325528	2.52	meanpool__onehot
n32_h0.5_r16	32	0.5	16	meanpool	esm2_t12_35M_UR50D	0.448276	0.365072	15.44	meanpool__esm2_t12_35M_UR50D
n32_h0.5_r16	32	0.5	16	pea	onehot	0.206897	0.107036	4.97	pea__onehot
n32_h0.5_r16	32	0.5	16	pea	esm2_t12_35M_UR50D	0.137931	0.007675	21.09	pea__esm2_t12_35M_UR50D
n32_h0.5_r16	32	0.5	16	msaresid_mafft	onehot	0.172414	0.079978	7.220000000000001	msaresid_mafft__onehot
n32_h0.5_r16	32	0.5	16	msaresid_mafft	esm2_t12_35M_UR50D	0.172414	0.076001	18.55	msaresid_mafft__esm2_t12_35M_UR50D
n32_h0.5_r16	32	0.5	16	msaresid_true	onehot	0.137931	0.007675	5.609999999999999	msaresid_true__onehot
n32_h0.5_r16	32	0.5	16	msaresid_true	esm2_t12_35M_UR50D	0.137931	0.007675	15.71	msaresid_true__esm2_t12_35M_UR50D
n32_h0.5_r16	32	0.5	16	ml	none	0.068966	0.00381	338.17	ml__none
n32_h0.5_r16	32	0.5	16	bionj	none	0.241379	0.166908	338.17	bionj__none
n32_h0.5_r16	32	0.5	16	kmer	none	0.206897	0.147747	0.76	kmer__none
n32_h0.5_r17	32	0.5	17	meanpool	onehot	0.586207	0.361402	5.27	meanpool__onehot
n32_h0.5_r17	32	0.5	17	meanpool	esm2_t12_35M_UR50D	0.62069	0.204032	18.75	meanpool__esm2_t12_35M_UR50D
n32_h0.5_r17	32	0.5	17	pea	onehot	0.241379	0.0302	8.23	pea__onehot
n32_h0.5_r17	32	0.5	17	pea	esm2_t12_35M_UR50D	0.172414	0.035067	23.41	pea__esm2_t12_35M_UR50D
n32_h0.5_r17	32	0.5	17	msaresid_mafft	onehot	0.241379	0.0302	6.5600000000000005	msaresid_mafft__onehot
n32_h0.5_r17	32	0.5	17	msaresid_mafft	esm2_t12_35M_UR50D	0.172414	0.035067	23.230000000000004	msaresid_mafft__esm2_t12_35M_UR50D
n32_h0.5_r17	32	0.5	17	msaresid_true	onehot	0.275862	0.111958	3.4899999999999998	msaresid_true__onehot
n32_h0.5_r17	32	0.5	17	msaresid_true	esm2_t12_35M_UR50D	0.172414	0.035067	19.23	msaresid_true__esm2_t12_35M_UR50D
n32_h0.5_r17	32	0.5	17	ml	none	0.275862	0.104755	343.93	ml__none
n32_h0.5_r17	32	0.5	17	bionj	none	0.344828	0.107091	343.93	bionj__none
n32_h0.5_r17	32	0.5	17	kmer	none	0.241379	0.049416	1.42	kmer__none
n32_h0.5_r18	32	0.5	18	meanpool	onehot	0.517241	0.166268	2.5	meanpool__onehot
n32_h0.5_r18	32	0.5	18	meanpool	esm2_t12_35M_UR50D	0.413793	0.29569	18.32	meanpool__esm2_t12_35M_UR50D
n32_h0.5_r18	32	0.5	18	pea	onehot	0.068966	0.083648	3.9699999999999998	pea__onehot
n32_h0.5_r18	32	0.5	18	pea	esm2_t12_35M_UR50D	0.137931	0.036986	22.7	pea__esm2_t12_35M_UR50D
n32_h0.5_r18	32	0.5	18	msaresid_mafft	onehot	0.137931	0.057536	4.08	msaresid_mafft__onehot
n32_h0.5_r18	32	0.5	18	msaresid_mafft	esm2_t12_35M_UR50D	0.137931	0.062013	21.51	msaresid_mafft__esm2_t12_35M_UR50D
n32_h0.5_r18	32	0.5	18	msaresid_true	onehot	0.206897	0.131952	3.2700000000000005	msaresid_true__onehot
n32_h0.5_r18	32	0.5	18	msaresid_true	esm2_t12_35M_UR50D	0.137931	0.062013	19.119999999999997	msaresid_true__esm2_t12_35M_UR50D
n32_h0.5_r18	32	0.5	18	ml	none	0.206897	0.078142	248.88	ml__none
n32_h0.5_r18	32	0.5	18	bionj	none	0.068966	0.036402	248.88	bionj__none
n32_h0.5_r18	32	0.5	18	kmer	none	0.206897	0.110845	0.69	kmer__none
n32_h0.5_r19	32	0.5	19	meanpool	onehot	0.62069	0.206758	3.0700000000000003	meanpool__onehot
n32_h0.5_r19	32	0.5	19	meanpool	esm2_t12_35M_UR50D	0.758621	0.31193	25.36	meanpool__esm2_t12_35M_UR50D
n32_h0.5_r19	32	0.5	19	pea	onehot	0.37931	0.043298	4.2	pea__onehot
n32_h0.5_r19	32	0.5	19	pea	esm2_t12_35M_UR50D	0.310345	0.030172	30.93	pea__esm2_t12_35M_UR50D
n32_h0.5_r19	32	0.5	19	msaresid_mafft	onehot	0.37931	0.038626	6.93	msaresid_mafft__onehot
n32_h0.5_r19	32	0.5	19	msaresid_mafft	esm2_t12_35M_UR50D	0.344828	0.051196	30.619999999999997	msaresid_mafft__esm2_t12_35M_UR50D
n32_h0.5_r19	32	0.5	19	msaresid_true	onehot	0.344828	0.033065	2.5999999999999996	msaresid_true__onehot
n32_h0.5_r19	32	0.5	19	msaresid_true	esm2_t12_35M_UR50D	0.310345	0.030172	26.349999999999998	msaresid_true__esm2_t12_35M_UR50D
n32_h0.5_r19	32	0.5	19	ml	none	0.206897	0.020273	387.14	ml__none
n32_h0.5_r19	32	0.5	19	bionj	none	0.37931	0.059177	387.14	bionj__none
n32_h0.5_r19	32	0.5	19	kmer	none	0.37931	0.036846	1.86	kmer__none
n32_h1_r0	32	1.0	0	meanpool	onehot	0.586207	0.368409	2.38	meanpool__onehot
n32_h1_r0	32	1.0	0	meanpool	esm2_t12_35M_UR50D	0.37931	0.218242	26.15	meanpool__esm2_t12_35M_UR50D
n32_h1_r0	32	1.0	0	pea	onehot	0.172414	0.048081	5.33	pea__onehot
n32_h1_r0	32	1.0	0	pea	esm2_t12_35M_UR50D	0.137931	0.036151	33.989999999999995	pea__esm2_t12_35M_UR50D
n32_h1_r0	32	1.0	0	msaresid_mafft	onehot	0.137931	0.030395	7.03	msaresid_mafft__onehot
n32_h1_r0	32	1.0	0	msaresid_mafft	esm2_t12_35M_UR50D	0.137931	0.042825	30.79	msaresid_mafft__esm2_t12_35M_UR50D
n32_h1_r0	32	1.0	0	msaresid_true	onehot	0.137931	0.040184	3.3200000000000003	msaresid_true__onehot
n32_h1_r0	32	1.0	0	msaresid_true	esm2_t12_35M_UR50D	0.172414	0.043076	26.71	msaresid_true__esm2_t12_35M_UR50D
n32_h1_r0	32	1.0	0	ml	none	0.103448	0.010373	327.40000000000003	ml__none
n32_h1_r0	32	1.0	0	bionj	none	0.310345	0.141852	327.40000000000003	bionj__none
n32_h1_r0	32	1.0	0	kmer	none	0.241379	0.056897	0.8	kmer__none
n32_h1_r1	32	1.0	1	meanpool	onehot	0.551724	0.243048	2.0	meanpool__onehot
n32_h1_r1	32	1.0	1	meanpool	esm2_t12_35M_UR50D	0.517241	0.244577	20.05	meanpool__esm2_t12_35M_UR50D
n32_h1_r1	32	1.0	1	pea	onehot	0.172414	0.07856	5.12	pea__onehot
n32_h1_r1	32	1.0	1	pea	esm2_t12_35M_UR50D	0.137931	0.050862	23.95	pea__esm2_t12_35M_UR50D
n32_h1_r1	32	1.0	1	msaresid_mafft	onehot	0.172414	0.080895	6.2	msaresid_mafft__onehot
n32_h1_r1	32	1.0	1	msaresid_mafft	esm2_t12_35M_UR50D	0.206897	0.102141	24.13	msaresid_mafft__esm2_t12_35M_UR50D
n32_h1_r1	32	1.0	1	msaresid_true	onehot	0.103448	0.031952	2.32	msaresid_true__onehot
n32_h1_r1	32	1.0	1	msaresid_true	esm2_t12_35M_UR50D	0.172414	0.078448	20.44	msaresid_true__esm2_t12_35M_UR50D
n32_h1_r1	32	1.0	1	ml	none	0.103448	0.06574	261.87	ml__none
n32_h1_r1	32	1.0	1	bionj	none	0.172414	0.078226	261.87	bionj__none
n32_h1_r1	32	1.0	1	kmer	none	0.137931	0.044744	1.48	kmer__none
n32_h1_r2	32	1.0	2	meanpool	onehot	0.655172	0.376974	3.15	meanpool__onehot
n32_h1_r2	32	1.0	2	meanpool	esm2_t12_35M_UR50D	0.551724	0.400362	18.24	meanpool__esm2_t12_35M_UR50D
n32_h1_r2	32	1.0	2	pea	onehot	0.172414	0.077419	4.25	pea__onehot
n32_h1_r2	32	1.0	2	pea	esm2_t12_35M_UR50D	0.206897	0.134399	24.58	pea__esm2_t12_35M_UR50D
n32_h1_r2	32	1.0	2	msaresid_mafft	onehot	0.172414	0.083009	7.07	msaresid_mafft__onehot
n32_h1_r2	32	1.0	2	msaresid_mafft	esm2_t12_35M_UR50D	0.241379	0.161263	22.549999999999997	msaresid_mafft__esm2_t12_35M_UR50D
n32_h1_r2	32	1.0	2	msaresid_true	onehot	0.172414	0.083009	3.04	msaresid_true__onehot
n32_h1_r2	32	1.0	2	msaresid_true	esm2_t12_35M_UR50D	0.172414	0.083009	18.88	msaresid_true__esm2_t12_35M_UR50D
n32_h1_r2	32	1.0	2	ml	none	0.172414	0.0896	303.84999999999997	ml__none
n32_h1_r2	32	1.0	2	bionj	none	0.241379	0.163098	303.84999999999997	bionj__none
n32_h1_r2	32	1.0	2	kmer	none	0.275862	0.148749	0.8	kmer__none
n32_h1_r3	32	1.0	3	meanpool	onehot	0.655172	0.274555	2.76	meanpool__onehot
n32_h1_r3	32	1.0	3	meanpool	esm2_t12_35M_UR50D	0.551724	0.306174	15.95	meanpool__esm2_t12_35M_UR50D
n32_h1_r3	32	1.0	3	pea	onehot	0.172414	0.029366	6.21	pea__onehot
n32_h1_r3	32	1.0	3	pea	esm2_t12_35M_UR50D	0.206897	0.079505	20.7	pea__esm2_t12_35M_UR50D
n32_h1_r3	32	1.0	3	msaresid_mafft	onehot	0.241379	0.062653	5.76	msaresid_mafft__onehot
n32_h1_r3	32	1.0	3	msaresid_mafft	esm2_t12_35M_UR50D	0.206897	0.067992	19.0	msaresid_mafft__esm2_t12_35M_UR50D
n32_h1_r3	32	1.0	3	msaresid_true	onehot	0.206897	0.07475	2.72	msaresid_true__onehot
n32_h1_r3	32	1.0	3	msaresid_true	esm2_t12_35M_UR50D	0.206897	0.079505	16.15	msaresid_true__esm2_t12_35M_UR50D
n32_h1_r3	32	1.0	3	ml	none	0.137931	0.009928	327.83	ml__none
n32_h1_r3	32	1.0	3	bionj	none	0.37931	0.06827	327.83	bionj__none
n32_h1_r3	32	1.0	3	kmer	none	0.068966	0.003115	0.53	kmer__none
n32_h1_r4	32	1.0	4	meanpool	onehot	0.482759	0.313543	2.51	meanpool__onehot
n32_h1_r4	32	1.0	4	meanpool	esm2_t12_35M_UR50D	0.413793	0.222386	19.05	meanpool__esm2_t12_35M_UR50D
n32_h1_r4	32	1.0	4	pea	onehot	0.206897	0.063765	4.95	pea__onehot
n32_h1_r4	32	1.0	4	pea	esm2_t12_35M_UR50D	0.034483	0.021023	23.259999999999998	pea__esm2_t12_35M_UR50D
n32_h1_r4	32	1.0	4	msaresid_mafft	onehot	0.172414	0.069355	7.4399999999999995	msaresid_mafft__onehot
n32_h1_r4	32	1.0	4	msaresid_mafft	esm2_t12_35M_UR50D	0.103448	0.045606	23.630000000000003	msaresid_mafft__esm2_t12_35M_UR50D
n32_h1_r4	32	1.0	4	msaresid_true	onehot	0.172414	0.084455	2.7699999999999996	msaresid_true__onehot
n32_h1_r4	32	1.0	4	msaresid_true	esm2_t12_35M_UR50D	0.034483	0.021023	19.4	msaresid_true__esm2_t12_35M_UR50D
n32_h1_r4	32	1.0	4	ml	none	0.206897	0.065128	280.18	ml__none
n32_h1_r4	32	1.0	4	bionj	none	0.275862	0.103087	280.18	bionj__none
n32_h1_r4	32	1.0	4	kmer	none	0.206897	0.065128	0.73	kmer__none
n32_h1_r5	32	1.0	5	meanpool	onehot	0.793103	0.563626	2.66	meanpool__onehot
n32_h1_r5	32	1.0	5	meanpool	esm2_t12_35M_UR50D	0.655172	0.469132	17.73	meanpool__esm2_t12_35M_UR50D
n32_h1_r5	32	1.0	5	pea	onehot	0.172414	0.086902	5.77	pea__onehot
n32_h1_r5	32	1.0	5	pea	esm2_t12_35M_UR50D	0.137931	0.176446	22.759999999999998	pea__esm2_t12_35M_UR50D
n32_h1_r5	32	1.0	5	msaresid_mafft	onehot	0.206897	0.285873	9.739999999999998	msaresid_mafft__onehot
n32_h1_r5	32	1.0	5	msaresid_mafft	esm2_t12_35M_UR50D	0.172414	0.223331	22.65	msaresid_mafft__esm2_t12_35M_UR50D
n32_h1_r5	32	1.0	5	msaresid_true	onehot	0.275862	0.308176	4.78	msaresid_true__onehot
n32_h1_r5	32	1.0	5	msaresid_true	esm2_t12_35M_UR50D	0.172414	0.200806	18.23	msaresid_true__esm2_t12_35M_UR50D
n32_h1_r5	32	1.0	5	ml	none	0.241379	0.144549	426.53000000000003	ml__none
n32_h1_r5	32	1.0	5	bionj	none	0.275862	0.267464	426.53000000000003	bionj__none
n32_h1_r5	32	1.0	5	kmer	none	0.275862	0.25812	0.75	kmer__none
n32_h1_r6	32	1.0	6	meanpool	onehot	0.551724	0.390267	1.82	meanpool__onehot
n32_h1_r6	32	1.0	6	meanpool	esm2_t12_35M_UR50D	0.448276	0.337069	23.54	meanpool__esm2_t12_35M_UR50D
n32_h1_r6	32	1.0	6	pea	onehot	0.241379	0.269855	4.12	pea__onehot
n32_h1_r6	32	1.0	6	pea	esm2_t12_35M_UR50D	0.275862	0.256034	27.1	pea__esm2_t12_35M_UR50D
n32_h1_r6	32	1.0	6	msaresid_mafft	onehot	0.275862	0.230645	6.93	msaresid_mafft__onehot
n32_h1_r6	32	1.0	6	msaresid_mafft	esm2_t12_35M_UR50D	0.241379	0.260929	28.23	msaresid_mafft__esm2_t12_35M_UR50D
n32_h1_r6	32	1.0	6	msaresid_true	onehot	0.241379	0.264572	3.66	msaresid_true__onehot
n32_h1_r6	32	1.0	6	msaresid_true	esm2_t12_35M_UR50D	0.241379	0.255228	23.75	msaresid_true__esm2_t12_35M_UR50D
n32_h1_r6	32	1.0	6	ml	none	0.275862	0.24238	771.09	ml__none
n32_h1_r6	32	1.0	6	bionj	none	0.206897	0.223165	771.09	bionj__none
n32_h1_r6	32	1.0	6	kmer	none	0.275862	0.128448	0.81	kmer__none
n32_h1_r7	32	1.0	7	meanpool	onehot	0.62069	0.491685	3.37	meanpool__onehot
n32_h1_r7	32	1.0	7	meanpool	esm2_t12_35M_UR50D	0.62069	0.49302	15.190000000000001	meanpool__esm2_t12_35M_UR50D
n32_h1_r7	32	1.0	7	pea	onehot	0.137931	0.123137	4.8	pea__onehot
n32_h1_r7	32	1.0	7	pea	esm2_t12_35M_UR50D	0.241379	0.132397	19.23	pea__esm2_t12_35M_UR50D
n32_h1_r7	32	1.0	7	msaresid_mafft	onehot	0.275862	0.209956	7.56	msaresid_mafft__onehot
n32_h1_r7	32	1.0	7	msaresid_mafft	esm2_t12_35M_UR50D	0.206897	0.119049	19.54	msaresid_mafft__esm2_t12_35M_UR50D
n32_h1_r7	32	1.0	7	msaresid_true	onehot	0.241379	0.206952	3.42	msaresid_true__onehot
n32_h1_r7	32	1.0	7	msaresid_true	esm2_t12_35M_UR50D	0.206897	0.119049	15.43	msaresid_true__esm2_t12_35M_UR50D
n32_h1_r7	32	1.0	7	ml	none	0.068966	0.026363	261.22	ml__none
n32_h1_r7	32	1.0	7	bionj	none	0.034483	0.023359	261.22	bionj__none
n32_h1_r7	32	1.0	7	kmer	none	0.241379	0.181758	0.45	kmer__none
n32_h1_r8	32	1.0	8	meanpool	onehot	0.517241	0.107675	3.0700000000000003	meanpool__onehot
n32_h1_r8	32	1.0	8	meanpool	esm2_t12_35M_UR50D	0.62069	0.207369	17.55	meanpool__esm2_t12_35M_UR50D
n32_h1_r8	32	1.0	8	pea	onehot	0.137931	0.020495	4.73	pea__onehot
n32_h1_r8	32	1.0	8	pea	esm2_t12_35M_UR50D	0.172414	0.040656	21.94	pea__esm2_t12_35M_UR50D
n32_h1_r8	32	1.0	8	msaresid_mafft	onehot	0.103448	0.005367	7.17	msaresid_mafft__onehot
n32_h1_r8	32	1.0	8	msaresid_mafft	esm2_t12_35M_UR50D	0.172414	0.040656	20.46	msaresid_mafft__esm2_t12_35M_UR50D
n32_h1_r8	32	1.0	8	msaresid_true	onehot	0.068966	0.00381	4.09	msaresid_true__onehot
n32_h1_r8	32	1.0	8	msaresid_true	esm2_t12_35M_UR50D	0.172414	0.040656	18.04	msaresid_true__esm2_t12_35M_UR50D
n32_h1_r8	32	1.0	8	ml	none	0.0	0.0	316.24	ml__none
n32_h1_r8	32	1.0	8	bionj	none	0.344828	0.098749	316.24	bionj__none
n32_h1_r8	32	1.0	8	kmer	none	0.172414	0.070022	0.84	kmer__none
n32_h1_r9	32	1.0	9	meanpool	onehot	0.482759	0.318715	2.3	meanpool__onehot
n32_h1_r9	32	1.0	9	meanpool	esm2_t12_35M_UR50D	0.482759	0.342742	16.29	meanpool__esm2_t12_35M_UR50D
n32_h1_r9	32	1.0	9	pea	onehot	0.206897	0.078643	5.26	pea__onehot
n32_h1_r9	32	1.0	9	pea	esm2_t12_35M_UR50D	0.137931	0.069077	20.869999999999997	pea__esm2_t12_35M_UR50D
n32_h1_r9	32	1.0	9	msaresid_mafft	onehot	0.172414	0.055284	6.08	msaresid_mafft__onehot
n32_h1_r9	32	1.0	9	msaresid_mafft	esm2_t12_35M_UR50D	0.137931	0.069077	20.369999999999997	msaresid_mafft__esm2_t12_35M_UR50D
n32_h1_r9	32	1.0	9	msaresid_true	onehot	0.137931	0.05228	2.13	msaresid_true__onehot
n32_h1_r9	32	1.0	9	msaresid_true	esm2_t12_35M_UR50D	0.137931	0.069077	17.31	msaresid_true__esm2_t12_35M_UR50D
n32_h1_r9	32	1.0	9	ml	none	0.068966	0.008676	293.2	ml__none
n32_h1_r9	32	1.0	9	bionj	none	0.206897	0.074333	293.2	bionj__none
n32_h1_r9	32	1.0	9	kmer	none	0.172414	0.07564	0.9	kmer__none
n32_h1_r10	32	1.0	10	meanpool	onehot	0.586207	0.417214	2.36	meanpool__onehot
n32_h1_r10	32	1.0	10	meanpool	esm2_t12_35M_UR50D	0.517241	0.43871	22.06	meanpool__esm2_t12_35M_UR50D
n32_h1_r10	32	1.0	10	pea	onehot	0.137931	0.105256	4.38	pea__onehot
n32_h1_r10	32	1.0	10	pea	esm2_t12_35M_UR50D	0.172414	0.204922	25.849999999999998	pea__esm2_t12_35M_UR50D
n32_h1_r10	32	1.0	10	msaresid_mafft	onehot	0.206897	0.168215	4.79	msaresid_mafft__onehot
n32_h1_r10	32	1.0	10	msaresid_mafft	esm2_t12_35M_UR50D	0.206897	0.205729	24.95	msaresid_mafft__esm2_t12_35M_UR50D
n32_h1_r10	32	1.0	10	msaresid_true	onehot	0.172414	0.13198	2.9	msaresid_true__onehot
n32_h1_r10	32	1.0	10	msaresid_true	esm2_t12_35M_UR50D	0.206897	0.205729	22.32	msaresid_true__esm2_t12_35M_UR50D
n32_h1_r10	32	1.0	10	ml	none	0.103448	0.114377	392.99	ml__none
n32_h1_r10	32	1.0	10	bionj	none	0.241379	0.30762	392.99	bionj__none
n32_h1_r10	32	1.0	10	kmer	none	0.206897	0.203838	0.85	kmer__none
n32_h1_r11	32	1.0	11	meanpool	onehot	0.517241	0.21307	3.88	meanpool__onehot
n32_h1_r11	32	1.0	11	meanpool	esm2_t12_35M_UR50D	0.37931	0.255061	28.900000000000002	meanpool__esm2_t12_35M_UR50D
n32_h1_r11	32	1.0	11	pea	onehot	0.068966	0.013793	5.1000000000000005	pea__onehot
n32_h1_r11	32	1.0	11	pea	esm2_t12_35M_UR50D	0.103448	0.022164	33.260000000000005	pea__esm2_t12_35M_UR50D
n32_h1_r11	32	1.0	11	msaresid_mafft	onehot	0.103448	0.037152	6.11	msaresid_mafft__onehot
n32_h1_r11	32	1.0	11	msaresid_mafft	esm2_t12_35M_UR50D	0.068966	0.00381	31.310000000000002	msaresid_mafft__esm2_t12_35M_UR50D
n32_h1_r11	32	1.0	11	msaresid_true	onehot	0.068966	0.013793	3.58	msaresid_true__onehot
n32_h1_r11	32	1.0	11	msaresid_true	esm2_t12_35M_UR50D	0.068966	0.00381	28.400000000000002	msaresid_true__esm2_t12_35M_UR50D
n32_h1_r11	32	1.0	11	ml	none	0.034483	0.001557	316.25	ml__none
n32_h1_r11	32	1.0	11	bionj	none	0.034483	0.001557	316.25	bionj__none
n32_h1_r11	32	1.0	11	kmer	none	0.172414	0.062514	0.8	kmer__none
n32_h1_r12	32	1.0	12	meanpool	onehot	0.586207	0.434066	2.9299999999999997	meanpool__onehot
n32_h1_r12	32	1.0	12	meanpool	esm2_t12_35M_UR50D	0.655172	0.471051	17.04	meanpool__esm2_t12_35M_UR50D
n32_h1_r12	32	1.0	12	pea	onehot	0.103448	0.090879	5.68	pea__onehot
n32_h1_r12	32	1.0	12	pea	esm2_t12_35M_UR50D	0.275862	0.128726	21.09	pea__esm2_t12_35M_UR50D
n32_h1_r12	32	1.0	12	msaresid_mafft	onehot	0.137931	0.110484	6.91	msaresid_mafft__onehot
n32_h1_r12	32	1.0	12	msaresid_mafft	esm2_t12_35M_UR50D	0.310345	0.166769	21.84	msaresid_mafft__esm2_t12_35M_UR50D
n32_h1_r12	32	1.0	12	msaresid_true	onehot	0.103448	0.093576	2.59	msaresid_true__onehot
n32_h1_r12	32	1.0	12	msaresid_true	esm2_t12_35M_UR50D	0.241379	0.119132	17.91	msaresid_true__esm2_t12_35M_UR50D
n32_h1_r12	32	1.0	12	ml	none	0.103448	0.049194	285.87	ml__none
n32_h1_r12	32	1.0	12	bionj	none	0.206897	0.141963	285.87	bionj__none
n32_h1_r12	32	1.0	12	kmer	none	0.206897	0.034872	1.22	kmer__none
n32_h1_r13	32	1.0	13	meanpool	onehot	0.62069	0.444105	2.86	meanpool__onehot
n32_h1_r13	32	1.0	13	meanpool	esm2_t12_35M_UR50D	0.655172	0.39213	28.410000000000004	meanpool__esm2_t12_35M_UR50D
n32_h1_r13	32	1.0	13	pea	onehot	0.172414	0.025751	5.53	pea__onehot
n32_h1_r13	32	1.0	13	pea	esm2_t12_35M_UR50D	0.206897	0.139071	34.32	pea__esm2_t12_35M_UR50D
n32_h1_r13	32	1.0	13	msaresid_mafft	onehot	0.172414	0.027836	7.24	msaresid_mafft__onehot
n32_h1_r13	32	1.0	13	msaresid_mafft	esm2_t12_35M_UR50D	0.275862	0.161541	33.36	msaresid_mafft__esm2_t12_35M_UR50D
n32_h1_r13	32	1.0	13	msaresid_true	onehot	0.172414	0.035539	3.5	msaresid_true__onehot
n32_h1_r13	32	1.0	13	msaresid_true	esm2_t12_35M_UR50D	0.172414	0.100139	29.490000000000002	msaresid_true__esm2_t12_35M_UR50D
n32_h1_r13	32	1.0	13	ml	none	0.137931	0.008259	321.47999999999996	ml__none
n32_h1_r13	32	1.0	13	bionj	none	0.310345	0.047803	321.47999999999996	bionj__none
n32_h1_r13	32	1.0	13	kmer	none	0.206897	0.120412	0.68	kmer__none
n32_h1_r14	32	1.0	14	meanpool	onehot	0.517241	0.369077	3.46	meanpool__onehot
n32_h1_r14	32	1.0	14	meanpool	esm2_t12_35M_UR50D	0.551724	0.388459	22.669999999999998	meanpool__esm2_t12_35M_UR50D
n32_h1_r14	32	1.0	14	pea	onehot	0.103448	0.030256	5.41	pea__onehot
n32_h1_r14	32	1.0	14	pea	esm2_t12_35M_UR50D	0.172414	0.030868	27.479999999999997	pea__esm2_t12_35M_UR50D
n32_h1_r14	32	1.0	14	msaresid_mafft	onehot	0.137931	0.028615	6.13	msaresid_mafft__onehot
n32_h1_r14	32	1.0	14	msaresid_mafft	esm2_t12_35M_UR50D	0.103448	0.027809	25.67	msaresid_mafft__esm2_t12_35M_UR50D
n32_h1_r14	32	1.0	14	msaresid_true	onehot	0.068966	0.003699	5.7	msaresid_true__onehot
n32_h1_r14	32	1.0	14	msaresid_true	esm2_t12_35M_UR50D	0.172414	0.03337	22.84	msaresid_true__esm2_t12_35M_UR50D
n32_h1_r14	32	1.0	14	ml	none	0.137931	0.031062	314.40999999999997	ml__none
n32_h1_r14	32	1.0	14	bionj	none	0.068966	0.003699	314.40999999999997	bionj__none
n32_h1_r14	32	1.0	14	kmer	none	0.172414	0.126502	0.6	kmer__none
n32_h1_r15	32	1.0	15	meanpool	onehot	0.37931	0.384455	2.04	meanpool__onehot
n32_h1_r15	32	1.0	15	meanpool	esm2_t12_35M_UR50D	0.344828	0.337931	18.22	meanpool__esm2_t12_35M_UR50D
n32_h1_r15	32	1.0	15	pea	onehot	0.034483	0.004338	7.74	pea__onehot
n32_h1_r15	32	1.0	15	pea	esm2_t12_35M_UR50D	0.137931	0.092659	22.5	pea__esm2_t12_35M_UR50D
n32_h1_r15	32	1.0	15	msaresid_mafft	onehot	0.103448	0.053726	5.5	msaresid_mafft__onehot
n32_h1_r15	32	1.0	15	msaresid_mafft	esm2_t12_35M_UR50D	0.103448	0.091101	21.97	msaresid_mafft__esm2_t12_35M_UR50D
n32_h1_r15	32	1.0	15	msaresid_true	onehot	0.137931	0.10178	1.92	msaresid_true__onehot
n32_h1_r15	32	1.0	15	msaresid_true	esm2_t12_35M_UR50D	0.103448	0.09911	18.58	msaresid_true__esm2_t12_35M_UR50D
n32_h1_r15	32	1.0	15	ml	none	0.172414	0.125695	268.39	ml__none
n32_h1_r15	32	1.0	15	bionj	none	0.206897	0.10559	268.39	bionj__none
n32_h1_r15	32	1.0	15	kmer	none	0.068966	0.052392	0.91	kmer__none
n32_h1_r16	32	1.0	16	meanpool	onehot	0.655172	0.466101	2.56	meanpool__onehot
n32_h1_r16	32	1.0	16	meanpool	esm2_t12_35M_UR50D	0.551724	0.445523	14.67	meanpool__esm2_t12_35M_UR50D
n32_h1_r16	32	1.0	16	pea	onehot	0.103448	0.06218	4.99	pea__onehot
n32_h1_r16	32	1.0	16	pea	esm2_t12_35M_UR50D	0.206897	0.055784	19.3	pea__esm2_t12_35M_UR50D
n32_h1_r16	32	1.0	16	msaresid_mafft	onehot	0.103448	0.022581	5.8	msaresid_mafft__onehot
n32_h1_r16	32	1.0	16	msaresid_mafft	esm2_t12_35M_UR50D	0.172414	0.020189	18.52	msaresid_mafft__esm2_t12_35M_UR50D
n32_h1_r16	32	1.0	16	msaresid_true	onehot	0.137931	0.114238	2.33	msaresid_true__onehot
n32_h1_r16	32	1.0	16	msaresid_true	esm2_t12_35M_UR50D	0.206897	0.055784	15.11	msaresid_true__esm2_t12_35M_UR50D
n32_h1_r16	32	1.0	16	ml	none	0.103448	0.050083	376.28	ml__none
n32_h1_r16	32	1.0	16	bionj	none	0.103448	0.017019	376.28	bionj__none
n32_h1_r16	32	1.0	16	kmer	none	0.310345	0.176363	1.05	kmer__none
n32_h1_r17	32	1.0	17	meanpool	onehot	0.689655	0.527697	2.69	meanpool__onehot
n32_h1_r17	32	1.0	17	meanpool	esm2_t12_35M_UR50D	0.689655	0.551724	14.85	meanpool__esm2_t12_35M_UR50D
n32_h1_r17	32	1.0	17	pea	onehot	0.103448	0.038265	4.71	pea__onehot
n32_h1_r17	32	1.0	17	pea	esm2_t12_35M_UR50D	0.172414	0.045022	20.11	pea__esm2_t12_35M_UR50D
n32_h1_r17	32	1.0	17	msaresid_mafft	onehot	0.137931	0.046162	6.04	msaresid_mafft__onehot
n32_h1_r17	32	1.0	17	msaresid_mafft	esm2_t12_35M_UR50D	0.103448	0.034149	19.06	msaresid_mafft__esm2_t12_35M_UR50D
n32_h1_r17	32	1.0	17	msaresid_true	onehot	0.241379	0.216129	2.09	msaresid_true__onehot
n32_h1_r17	32	1.0	17	msaresid_true	esm2_t12_35M_UR50D	0.241379	0.092241	15.18	msaresid_true__esm2_t12_35M_UR50D
n32_h1_r17	32	1.0	17	ml	none	0.137931	0.035539	310.33	ml__none
n32_h1_r17	32	1.0	17	bionj	none	0.241379	0.044549	310.33	bionj__none
n32_h1_r17	32	1.0	17	kmer	none	0.275862	0.220717	0.71	kmer__none
n32_h1_r18	32	1.0	18	meanpool	onehot	0.62069	0.518159	2.64	meanpool__onehot
n32_h1_r18	32	1.0	18	meanpool	esm2_t12_35M_UR50D	0.62069	0.241713	17.36	meanpool__esm2_t12_35M_UR50D
n32_h1_r18	32	1.0	18	pea	onehot	0.172414	0.16891	5.2299999999999995	pea__onehot
n32_h1_r18	32	1.0	18	pea	esm2_t12_35M_UR50D	0.068966	0.013571	21.44	pea__esm2_t12_35M_UR50D
n32_h1_r18	32	1.0	18	msaresid_mafft	onehot	0.137931	0.145384	7.4799999999999995	msaresid_mafft__onehot
n32_h1_r18	32	1.0	18	msaresid_mafft	esm2_t12_35M_UR50D	0.103448	0.053198	22.58	msaresid_mafft__esm2_t12_35M_UR50D
n32_h1_r18	32	1.0	18	msaresid_true	onehot	0.103448	0.100334	4.0	msaresid_true__onehot
n32_h1_r18	32	1.0	18	msaresid_true	esm2_t12_35M_UR50D	0.068966	0.051641	17.97	msaresid_true__esm2_t12_35M_UR50D
n32_h1_r18	32	1.0	18	ml	none	0.068966	0.013571	324.88000000000005	ml__none
n32_h1_r18	32	1.0	18	bionj	none	0.241379	0.22881	324.88000000000005	bionj__none
n32_h1_r18	32	1.0	18	kmer	none	0.206897	0.115184	0.75	kmer__none
n32_h1_r19	32	1.0	19	meanpool	onehot	0.862069	0.488571	2.45	meanpool__onehot
n32_h1_r19	32	1.0	19	meanpool	esm2_t12_35M_UR50D	0.724138	0.566185	27.63	meanpool__esm2_t12_35M_UR50D
n32_h1_r19	32	1.0	19	pea	onehot	0.206897	0.176891	6.35	pea__onehot
n32_h1_r19	32	1.0	19	pea	esm2_t12_35M_UR50D	0.172414	0.084789	32.14	pea__esm2_t12_35M_UR50D
n32_h1_r19	32	1.0	19	msaresid_mafft	onehot	0.172414	0.049082	8.33	msaresid_mafft__onehot
n32_h1_r19	32	1.0	19	msaresid_mafft	esm2_t12_35M_UR50D	0.172414	0.060873	33.81	msaresid_mafft__esm2_t12_35M_UR50D
n32_h1_r19	32	1.0	19	msaresid_true	onehot	0.310345	0.167714	2.08	msaresid_true__onehot
n32_h1_r19	32	1.0	19	msaresid_true	esm2_t12_35M_UR50D	0.172414	0.061068	28.05	msaresid_true__esm2_t12_35M_UR50D
n32_h1_r19	32	1.0	19	ml	none	0.103448	0.010818	297.3	ml__none
n32_h1_r19	32	1.0	19	bionj	none	0.241379	0.095078	297.3	bionj__none
n32_h1_r19	32	1.0	19	kmer	none	0.172414	0.155617	0.67	kmer__none
n32_h2_r0	32	2.0	0	meanpool	onehot	0.689655	0.330923	2.5300000000000002	meanpool__onehot
n32_h2_r0	32	2.0	0	meanpool	esm2_t12_35M_UR50D	0.551724	0.214794	21.49	meanpool__esm2_t12_35M_UR50D
n32_h2_r0	32	2.0	0	pea	onehot	0.241379	0.103615	4.03	pea__onehot
n32_h2_r0	32	2.0	0	pea	esm2_t12_35M_UR50D	0.241379	0.083065	24.58	pea__esm2_t12_35M_UR50D
n32_h2_r0	32	2.0	0	msaresid_mafft	onehot	0.172414	0.038932	4.77	msaresid_mafft__onehot
n32_h2_r0	32	2.0	0	msaresid_mafft	esm2_t12_35M_UR50D	0.241379	0.083065	24.169999999999998	msaresid_mafft__esm2_t12_35M_UR50D
n32_h2_r0	32	2.0	0	msaresid_true	onehot	0.172414	0.058009	2.6100000000000003	msaresid_true__onehot
n32_h2_r0	32	2.0	0	msaresid_true	esm2_t12_35M_UR50D	0.241379	0.064043	21.64	msaresid_true__esm2_t12_35M_UR50D
n32_h2_r0	32	2.0	0	ml	none	0.206897	0.094355	373.62	ml__none
n32_h2_r0	32	2.0	0	bionj	none	0.275862	0.082675	373.62	bionj__none
n32_h2_r0	32	2.0	0	kmer	none	0.310345	0.161596	1.06	kmer__none
n32_h2_r1	32	2.0	1	meanpool	onehot	0.655172	0.44238	3.4	meanpool__onehot
n32_h2_r1	32	2.0	1	meanpool	esm2_t12_35M_UR50D	0.62069	0.376029	19.619999999999997	meanpool__esm2_t12_35M_UR50D
n32_h2_r1	32	2.0	1	pea	onehot	0.275862	0.196691	6.45	pea__onehot
n32_h2_r1	32	2.0	1	pea	esm2_t12_35M_UR50D	0.310345	0.164043	22.49	pea__esm2_t12_35M_UR50D
n32_h2_r1	32	2.0	1	msaresid_mafft	onehot	0.206897	0.2651	6.6	msaresid_mafft__onehot
n32_h2_r1	32	2.0	1	msaresid_mafft	esm2_t12_35M_UR50D	0.241379	0.059816	23.3	msaresid_mafft__esm2_t12_35M_UR50D
n32_h2_r1	32	2.0	1	msaresid_true	onehot	0.344828	0.288014	3.26	msaresid_true__onehot
n32_h2_r1	32	2.0	1	msaresid_true	esm2_t12_35M_UR50D	0.206897	0.140434	19.79	msaresid_true__esm2_t12_35M_UR50D
n32_h2_r1	32	2.0	1	ml	none	0.344828	0.284733	364.65999999999997	ml__none
n32_h2_r1	32	2.0	1	bionj	none	0.241379	0.242659	364.65999999999997	bionj__none
n32_h2_r1	32	2.0	1	kmer	none	0.310345	0.359816	0.72	kmer__none
n32_h2_r2	32	2.0	2	meanpool	onehot	0.62069	0.525834	4.72	meanpool__onehot
n32_h2_r2	32	2.0	2	meanpool	esm2_t12_35M_UR50D	0.586207	0.543687	24.89	meanpool__esm2_t12_35M_UR50D
n32_h2_r2	32	2.0	2	pea	onehot	0.172414	0.142269	5.24	pea__onehot
n32_h2_r2	32	2.0	2	pea	esm2_t12_35M_UR50D	0.206897	0.079588	28.96	pea__esm2_t12_35M_UR50D
n32_h2_r2	32	2.0	2	msaresid_mafft	onehot	0.172414	0.136346	5.88	msaresid_mafft__onehot
n32_h2_r2	32	2.0	2	msaresid_mafft	esm2_t12_35M_UR50D	0.241379	0.118354	28.28	msaresid_mafft__esm2_t12_35M_UR50D
n32_h2_r2	32	2.0	2	msaresid_true	onehot	0.172414	0.199666	3.0	msaresid_true__onehot
n32_h2_r2	32	2.0	2	msaresid_true	esm2_t12_35M_UR50D	0.206897	0.117547	25.4	msaresid_true__esm2_t12_35M_UR50D
n32_h2_r2	32	2.0	2	ml	none	0.137931	0.061346	458.89	ml__none
n32_h2_r2	32	2.0	2	bionj	none	0.344828	0.278865	458.89	bionj__none
n32_h2_r2	32	2.0	2	kmer	none	0.103448	0.007175	0.67	kmer__none
n32_h2_r3	32	2.0	3	meanpool	onehot	0.724138	0.486568	3.2800000000000002	meanpool__onehot
n32_h2_r3	32	2.0	3	meanpool	esm2_t12_35M_UR50D	0.586207	0.367102	24.369999999999997	meanpool__esm2_t12_35M_UR50D
n32_h2_r3	32	2.0	3	pea	onehot	0.206897	0.117241	5.43	pea__onehot
n32_h2_r3	32	2.0	3	pea	esm2_t12_35M_UR50D	0.206897	0.104171	28.0	pea__esm2_t12_35M_UR50D
n32_h2_r3	32	2.0	3	msaresid_mafft	onehot	0.137931	0.068103	7.109999999999999	msaresid_mafft__onehot
n32_h2_r3	32	2.0	3	msaresid_mafft	esm2_t12_35M_UR50D	0.206897	0.109149	28.779999999999998	msaresid_mafft__esm2_t12_35M_UR50D
n32_h2_r3	32	2.0	3	msaresid_true	onehot	0.172414	0.072859	3.45	msaresid_true__onehot
n32_h2_r3	32	2.0	3	msaresid_true	esm2_t12_35M_UR50D	0.206897	0.110011	24.939999999999998	msaresid_true__esm2_t12_35M_UR50D
n32_h2_r3	32	2.0	3	ml	none	0.241379	0.052113	416.45	ml__none
n32_h2_r3	32	2.0	3	bionj	none	0.310345	0.081229	416.45	bionj__none
n32_h2_r3	32	2.0	3	kmer	none	0.241379	0.140517	0.79	kmer__none
n32_h2_r4	32	2.0	4	meanpool	onehot	0.655172	0.314294	2.45	meanpool__onehot
n32_h2_r4	32	2.0	4	meanpool	esm2_t12_35M_UR50D	0.62069	0.416491	17.11	meanpool__esm2_t12_35M_UR50D
n32_h2_r4	32	2.0	4	pea	onehot	0.206897	0.083148	3.8000000000000003	pea__onehot
n32_h2_r4	32	2.0	4	pea	esm2_t12_35M_UR50D	0.275862	0.126919	20.16	pea__esm2_t12_35M_UR50D
n32_h2_r4	32	2.0	4	msaresid_mafft	onehot	0.206897	0.117519	8.219999999999999	msaresid_mafft__onehot
n32_h2_r4	32	2.0	4	msaresid_mafft	esm2_t12_35M_UR50D	0.275862	0.197998	23.31	msaresid_mafft__esm2_t12_35M_UR50D
n32_h2_r4	32	2.0	4	msaresid_true	onehot	0.172414	0.113515	2.45	msaresid_true__onehot
n32_h2_r4	32	2.0	4	msaresid_true	esm2_t12_35M_UR50D	0.172414	0.104255	17.49	msaresid_true__esm2_t12_35M_UR50D
n32_h2_r4	32	2.0	4	ml	none	0.241379	0.14644	420.71	ml__none
n32_h2_r4	32	2.0	4	bionj	none	0.275862	0.143826	420.71	bionj__none
n32_h2_r4	32	2.0	4	kmer	none	0.275862	0.141491	1.19	kmer__none
n32_h2_r5	32	2.0	5	meanpool	onehot	0.62069	0.332286	2.36	meanpool__onehot
n32_h2_r5	32	2.0	5	meanpool	esm2_t12_35M_UR50D	0.551724	0.410706	16.12	meanpool__esm2_t12_35M_UR50D
n32_h2_r5	32	2.0	5	pea	onehot	0.206897	0.091268	3.97	pea__onehot
n32_h2_r5	32	2.0	5	pea	esm2_t12_35M_UR50D	0.344828	0.189155	18.22	pea__esm2_t12_35M_UR50D
n32_h2_r5	32	2.0	5	msaresid_mafft	onehot	0.275862	0.127308	6.1	msaresid_mafft__onehot
n32_h2_r5	32	2.0	5	msaresid_mafft	esm2_t12_35M_UR50D	0.275862	0.13198	19.48	msaresid_mafft__esm2_t12_35M_UR50D
n32_h2_r5	32	2.0	5	msaresid_true	onehot	0.275862	0.063459	2.15	msaresid_true__onehot
n32_h2_r5	32	2.0	5	msaresid_true	esm2_t12_35M_UR50D	0.206897	0.037875	16.16	msaresid_true__esm2_t12_35M_UR50D
n32_h2_r5	32	2.0	5	ml	none	0.068966	0.029588	279.34000000000003	ml__none
n32_h2_r5	32	2.0	5	bionj	none	0.517241	0.221107	279.34000000000003	bionj__none
n32_h2_r5	32	2.0	5	kmer	none	0.344828	0.16777	0.66	kmer__none
n32_h2_r6	32	2.0	6	meanpool	onehot	0.689655	0.303699	3.46	meanpool__onehot
n32_h2_r6	32	2.0	6	meanpool	esm2_t12_35M_UR50D	0.586207	0.32322	16.439999999999998	meanpool__esm2_t12_35M_UR50D
n32_h2_r6	32	2.0	6	pea	onehot	0.172414	0.081785	7.45	pea__onehot
n32_h2_r6	32	2.0	6	pea	esm2_t12_35M_UR50D	0.344828	0.099082	19.38	pea__esm2_t12_35M_UR50D
n32_h2_r6	32	2.0	6	msaresid_mafft	onehot	0.310345	0.092186	9.780000000000001	msaresid_mafft__onehot
n32_h2_r6	32	2.0	6	msaresid_mafft	esm2_t12_35M_UR50D	0.172414	0.04327	22.470000000000002	msaresid_mafft__esm2_t12_35M_UR50D
n32_h2_r6	32	2.0	6	msaresid_true	onehot	0.241379	0.062653	2.74	msaresid_true__onehot
n32_h2_r6	32	2.0	6	msaresid_true	esm2_t12_35M_UR50D	0.206897	0.061346	16.66	msaresid_true__esm2_t12_35M_UR50D
n32_h2_r6	32	2.0	6	ml	none	0.241379	0.09936	269.18	ml__none
n32_h2_r6	32	2.0	6	bionj	none	0.413793	0.194438	269.18	bionj__none
n32_h2_r6	32	2.0	6	kmer	none	0.241379	0.087792	0.83	kmer__none
n32_h2_r7	32	2.0	7	meanpool	onehot	0.655172	0.444855	2.45	meanpool__onehot
n32_h2_r7	32	2.0	7	meanpool	esm2_t12_35M_UR50D	0.758621	0.468799	28.36	meanpool__esm2_t12_35M_UR50D
n32_h2_r7	32	2.0	7	pea	onehot	0.241379	0.19797	3.91	pea__onehot
n32_h2_r7	32	2.0	7	pea	esm2_t12_35M_UR50D	0.37931	0.189266	32.92	pea__esm2_t12_35M_UR50D
n32_h2_r7	32	2.0	7	msaresid_mafft	onehot	0.413793	0.264905	5.58	msaresid_mafft__onehot
n32_h2_r7	32	2.0	7	msaresid_mafft	esm2_t12_35M_UR50D	0.344828	0.201974	32.19	msaresid_mafft__esm2_t12_35M_UR50D
n32_h2_r7	32	2.0	7	msaresid_true	onehot	0.275862	0.137542	2.29	msaresid_true__onehot
n32_h2_r7	32	2.0	7	msaresid_true	esm2_t12_35M_UR50D	0.241379	0.130701	29.36	msaresid_true__esm2_t12_35M_UR50D
n32_h2_r7	32	2.0	7	ml	none	0.448276	0.223026	414.63	ml__none
n32_h2_r7	32	2.0	7	bionj	none	0.37931	0.217353	414.63	bionj__none
n32_h2_r7	32	2.0	7	kmer	none	0.448276	0.237347	0.56	kmer__none
n32_h2_r8	32	2.0	8	meanpool	onehot	0.62069	0.481396	2.67	meanpool__onehot
n32_h2_r8	32	2.0	8	meanpool	esm2_t12_35M_UR50D	0.689655	0.57842	27.990000000000002	meanpool__esm2_t12_35M_UR50D
n32_h2_r8	32	2.0	8	pea	onehot	0.310345	0.318409	3.79	pea__onehot
n32_h2_r8	32	2.0	8	pea	esm2_t12_35M_UR50D	0.275862	0.244744	31.970000000000002	pea__esm2_t12_35M_UR50D
n32_h2_r8	32	2.0	8	msaresid_mafft	onehot	0.275862	0.243632	6.4399999999999995	msaresid_mafft__onehot
n32_h2_r8	32	2.0	8	msaresid_mafft	esm2_t12_35M_UR50D	0.275862	0.260984	32.550000000000004	msaresid_mafft__esm2_t12_35M_UR50D
n32_h2_r8	32	2.0	8	msaresid_true	onehot	0.275862	0.095717	2.26	msaresid_true__onehot
n32_h2_r8	32	2.0	8	msaresid_true	esm2_t12_35M_UR50D	0.206897	0.091908	28.37	msaresid_true__esm2_t12_35M_UR50D
n32_h2_r8	32	2.0	8	ml	none	0.310345	0.220551	340.33000000000004	ml__none
n32_h2_r8	32	2.0	8	bionj	none	0.310345	0.343326	340.33000000000004	bionj__none
n32_h2_r8	32	2.0	8	kmer	none	0.310345	0.15965	0.75	kmer__none
n32_h2_r9	32	2.0	9	meanpool	onehot	0.689655	0.244494	2.04	meanpool__onehot
n32_h2_r9	32	2.0	9	meanpool	esm2_t12_35M_UR50D	0.413793	0.063598	16.12	meanpool__esm2_t12_35M_UR50D
n32_h2_r9	32	2.0	9	pea	onehot	0.103448	0.027503	5.87	pea__onehot
n32_h2_r9	32	2.0	9	pea	esm2_t12_35M_UR50D	0.068966	0.021913	19.16	pea__esm2_t12_35M_UR50D
n32_h2_r9	32	2.0	9	msaresid_mafft	onehot	0.034483	0.007675	6.069999999999999	msaresid_mafft__onehot
n32_h2_r9	32	2.0	9	msaresid_mafft	esm2_t12_35M_UR50D	0.068966	0.022024	20.23	msaresid_mafft__esm2_t12_35M_UR50D
n32_h2_r9	32	2.0	9	msaresid_true	onehot	0.103448	0.016157	1.96	msaresid_true__onehot
n32_h2_r9	32	2.0	9	msaresid_true	esm2_t12_35M_UR50D	0.034483	0.019021	16.17	msaresid_true__esm2_t12_35M_UR50D
n32_h2_r9	32	2.0	9	ml	none	0.034483	0.000806	353.13	ml__none
n32_h2_r9	32	2.0	9	bionj	none	0.275862	0.065489	353.13	bionj__none
n32_h2_r9	32	2.0	9	kmer	none	0.103448	0.031034	0.72	kmer__none
n32_h2_r10	32	2.0	10	meanpool	onehot	0.758621	0.457814	4.43	meanpool__onehot
n32_h2_r10	32	2.0	10	meanpool	esm2_t12_35M_UR50D	0.689655	0.476196	18.51	meanpool__esm2_t12_35M_UR50D
n32_h2_r10	32	2.0	10	pea	onehot	0.310345	0.132536	4.28	pea__onehot
n32_h2_r10	32	2.0	10	pea	esm2_t12_35M_UR50D	0.37931	0.106702	23.93	pea__esm2_t12_35M_UR50D
n32_h2_r10	32	2.0	10	msaresid_mafft	onehot	0.241379	0.06079	10.15	msaresid_mafft__onehot
n32_h2_r10	32	2.0	10	msaresid_mafft	esm2_t12_35M_UR50D	0.310345	0.063154	26.2	msaresid_mafft__esm2_t12_35M_UR50D
n32_h2_r10	32	2.0	10	msaresid_true	onehot	0.206897	0.105701	4.56	msaresid_true__onehot
n32_h2_r10	32	2.0	10	msaresid_true	esm2_t12_35M_UR50D	0.275862	0.047136	18.84	msaresid_true__esm2_t12_35M_UR50D
n32_h2_r10	32	2.0	10	ml	none	0.275862	0.129783	344.69	ml__none
n32_h2_r10	32	2.0	10	bionj	none	0.482759	0.111151	344.69	bionj__none
n32_h2_r10	32	2.0	10	kmer	none	0.344828	0.184372	0.75	kmer__none
n32_h2_r11	32	2.0	11	meanpool	onehot	0.655172	0.456034	2.32	meanpool__onehot
n32_h2_r11	32	2.0	11	meanpool	esm2_t12_35M_UR50D	0.62069	0.463988	15.950000000000001	meanpool__esm2_t12_35M_UR50D
n32_h2_r11	32	2.0	11	pea	onehot	0.344828	0.286151	4.23	pea__onehot
n32_h2_r11	32	2.0	11	pea	esm2_t12_35M_UR50D	0.344828	0.292269	18.72	pea__esm2_t12_35M_UR50D
n32_h2_r11	32	2.0	11	msaresid_mafft	onehot	0.241379	0.23629	4.05	msaresid_mafft__onehot
n32_h2_r11	32	2.0	11	msaresid_mafft	esm2_t12_35M_UR50D	0.172414	0.017714	17.98	msaresid_mafft__esm2_t12_35M_UR50D
n32_h2_r11	32	2.0	11	msaresid_true	onehot	0.344828	0.170578	3.55	msaresid_true__onehot
n32_h2_r11	32	2.0	11	msaresid_true	esm2_t12_35M_UR50D	0.275862	0.235929	16.17	msaresid_true__esm2_t12_35M_UR50D
n32_h2_r11	32	2.0	11	ml	none	0.310345	0.308704	418.86	ml__none
n32_h2_r11	32	2.0	11	bionj	none	0.413793	0.259566	418.86	bionj__none
n32_h2_r11	32	2.0	11	kmer	none	0.517241	0.349249	0.69	kmer__none
n32_h2_r12	32	2.0	12	meanpool	onehot	0.62069	0.343187	3.13	meanpool__onehot
n32_h2_r12	32	2.0	12	meanpool	esm2_t12_35M_UR50D	0.689655	0.456674	20.12	meanpool__esm2_t12_35M_UR50D
n32_h2_r12	32	2.0	12	pea	onehot	0.275862	0.081897	5.6	pea__onehot
n32_h2_r12	32	2.0	12	pea	esm2_t12_35M_UR50D	0.275862	0.086986	25.37	pea__esm2_t12_35M_UR50D
n32_h2_r12	32	2.0	12	msaresid_mafft	onehot	0.310345	0.056507	11.29	msaresid_mafft__onehot
n32_h2_r12	32	2.0	12	msaresid_mafft	esm2_t12_35M_UR50D	0.275862	0.086986	27.349999999999998	msaresid_mafft__esm2_t12_35M_UR50D
n32_h2_r12	32	2.0	12	msaresid_true	onehot	0.344828	0.092881	2.34	msaresid_true__onehot
n32_h2_r12	32	2.0	12	msaresid_true	esm2_t12_35M_UR50D	0.206897	0.067047	20.27	msaresid_true__esm2_t12_35M_UR50D
n32_h2_r12	32	2.0	12	ml	none	0.241379	0.03059	347.10999999999996	ml__none
n32_h2_r12	32	2.0	12	bionj	none	0.310345	0.029227	347.10999999999996	bionj__none
n32_h2_r12	32	2.0	12	kmer	none	0.37931	0.106396	0.72	kmer__none
n32_h2_r13	32	2.0	13	meanpool	onehot	0.827586	0.358899	2.2	meanpool__onehot
n32_h2_r13	32	2.0	13	meanpool	esm2_t12_35M_UR50D	0.586207	0.357592	19.9	meanpool__esm2_t12_35M_UR50D
n32_h2_r13	32	2.0	13	pea	onehot	0.344828	0.191129	3.9799999999999995	pea__onehot
n32_h2_r13	32	2.0	13	pea	esm2_t12_35M_UR50D	0.241379	0.113265	23.45	pea__esm2_t12_35M_UR50D
n32_h2_r13	32	2.0	13	msaresid_mafft	onehot	0.275862	0.15178	7.94	msaresid_mafft__onehot
n32_h2_r13	32	2.0	13	msaresid_mafft	esm2_t12_35M_UR50D	0.344828	0.130089	26.000000000000004	msaresid_mafft__esm2_t12_35M_UR50D
n32_h2_r13	32	2.0	13	msaresid_true	onehot	0.310345	0.034372	2.2199999999999998	msaresid_true__onehot
n32_h2_r13	32	2.0	13	msaresid_true	esm2_t12_35M_UR50D	0.241379	0.023665	20.18	msaresid_true__esm2_t12_35M_UR50D
n32_h2_r13	32	2.0	13	ml	none	0.206897	0.109872	362.29	ml__none
n32_h2_r13	32	2.0	13	bionj	none	0.275862	0.145189	362.29	bionj__none
n32_h2_r13	32	2.0	13	kmer	none	0.344828	0.181146	0.66	kmer__none
n32_h2_r14	32	2.0	14	meanpool	onehot	0.37931	0.299638	3.29	meanpool__onehot
n32_h2_r14	32	2.0	14	meanpool	esm2_t12_35M_UR50D	0.551724	0.417992	19.04	meanpool__esm2_t12_35M_UR50D
n32_h2_r14	32	2.0	14	pea	onehot	0.034483	0.014266	4.5600000000000005	pea__onehot
n32_h2_r14	32	2.0	14	pea	esm2_t12_35M_UR50D	0.068966	0.065323	22.41	pea__esm2_t12_35M_UR50D
n32_h2_r14	32	2.0	14	msaresid_mafft	onehot	0.068966	0.065323	5.74	msaresid_mafft__onehot
n32_h2_r14	32	2.0	14	msaresid_mafft	esm2_t12_35M_UR50D	0.068966	0.065323	23.12	msaresid_mafft__esm2_t12_35M_UR50D
n32_h2_r14	32	2.0	14	msaresid_true	onehot	0.068966	0.011151	1.85	msaresid_true__onehot
n32_h2_r14	32	2.0	14	msaresid_true	esm2_t12_35M_UR50D	0.034483	0.003476	19.279999999999998	msaresid_true__esm2_t12_35M_UR50D
n32_h2_r14	32	2.0	14	ml	none	0.172414	0.066157	267.92	ml__none
n32_h2_r14	32	2.0	14	bionj	none	0.172414	0.073331	267.92	bionj__none
n32_h2_r14	32	2.0	14	kmer	none	0.034483	0.014266	0.69	kmer__none
n32_h2_r15	32	2.0	15	meanpool	onehot	0.758621	0.247692	2.05	meanpool__onehot
n32_h2_r15	32	2.0	15	meanpool	esm2_t12_35M_UR50D	0.896552	0.40584	21.42	meanpool__esm2_t12_35M_UR50D
n32_h2_r15	32	2.0	15	pea	onehot	0.275862	0.053365	4.0	pea__onehot
n32_h2_r15	32	2.0	15	pea	esm2_t12_35M_UR50D	0.241379	0.075389	25.259999999999998	pea__esm2_t12_35M_UR50D
n32_h2_r15	32	2.0	15	msaresid_mafft	onehot	0.206897	0.044883	5.74	msaresid_mafft__onehot
n32_h2_r15	32	2.0	15	msaresid_mafft	esm2_t12_35M_UR50D	0.241379	0.046913	25.169999999999998	msaresid_mafft__esm2_t12_35M_UR50D
n32_h2_r15	32	2.0	15	msaresid_true	onehot	0.206897	0.151001	3.23	msaresid_true__onehot
n32_h2_r15	32	2.0	15	msaresid_true	esm2_t12_35M_UR50D	0.206897	0.126529	21.77	msaresid_true__esm2_t12_35M_UR50D
n32_h2_r15	32	2.0	15	ml	none	0.482759	0.129561	229.67	ml__none
n32_h2_r15	32	2.0	15	bionj	none	0.517241	0.067964	229.67	bionj__none
n32_h2_r15	32	2.0	15	kmer	none	0.344828	0.094855	0.83	kmer__none
n32_h2_r16	32	2.0	16	meanpool	onehot	0.724138	0.36599	2.3	meanpool__onehot
n32_h2_r16	32	2.0	16	meanpool	esm2_t12_35M_UR50D	0.655172	0.386568	16.73	meanpool__esm2_t12_35M_UR50D
n32_h2_r16	32	2.0	16	pea	onehot	0.37931	0.253921	4.57	pea__onehot
n32_h2_r16	32	2.0	16	pea	esm2_t12_35M_UR50D	0.275862	0.199694	19.939999999999998	pea__esm2_t12_35M_UR50D
n32_h2_r16	32	2.0	16	msaresid_mafft	onehot	0.344828	0.221774	5.65	msaresid_mafft__onehot
n32_h2_r16	32	2.0	16	msaresid_mafft	esm2_t12_35M_UR50D	0.275862	0.198943	20.66	msaresid_mafft__esm2_t12_35M_UR50D
n32_h2_r16	32	2.0	16	msaresid_true	onehot	0.310345	0.208621	1.68	msaresid_true__onehot
n32_h2_r16	32	2.0	16	msaresid_true	esm2_t12_35M_UR50D	0.275862	0.201168	17.13	msaresid_true__esm2_t12_35M_UR50D
n32_h2_r16	32	2.0	16	ml	none	0.275862	0.149194	558.11	ml__none
n32_h2_r16	32	2.0	16	bionj	none	0.413793	0.287764	558.11	bionj__none
n32_h2_r16	32	2.0	16	kmer	none	0.482759	0.351752	0.45	kmer__none
n32_h2_r17	32	2.0	17	meanpool	onehot	0.62069	0.421691	3.64	meanpool__onehot
n32_h2_r17	32	2.0	17	meanpool	esm2_t12_35M_UR50D	0.551724	0.343437	22.700000000000003	meanpool__esm2_t12_35M_UR50D
n32_h2_r17	32	2.0	17	pea	onehot	0.206897	0.053059	4.37	pea__onehot
n32_h2_r17	32	2.0	17	pea	esm2_t12_35M_UR50D	0.172414	0.053754	26.59	pea__esm2_t12_35M_UR50D
n32_h2_r17	32	2.0	17	msaresid_mafft	onehot	0.172414	0.041963	7.46	msaresid_mafft__onehot
n32_h2_r17	32	2.0	17	msaresid_mafft	esm2_t12_35M_UR50D	0.172414	0.043409	27.660000000000004	msaresid_mafft__esm2_t12_35M_UR50D
n32_h2_r17	32	2.0	17	msaresid_true	onehot	0.275862	0.065573	3.17	msaresid_true__onehot
n32_h2_r17	32	2.0	17	msaresid_true	esm2_t12_35M_UR50D	0.206897	0.046413	22.8	msaresid_true__esm2_t12_35M_UR50D
n32_h2_r17	32	2.0	17	ml	none	0.172414	0.025501	503.46999999999997	ml__none
n32_h2_r17	32	2.0	17	bionj	none	0.413793	0.066546	503.46999999999997	bionj__none
n32_h2_r17	32	2.0	17	kmer	none	0.206897	0.053003	0.95	kmer__none
n32_h2_r18	32	2.0	18	meanpool	onehot	0.62069	0.292825	5.38	meanpool__onehot
n32_h2_r18	32	2.0	18	meanpool	esm2_t12_35M_UR50D	0.586207	0.44797	15.440000000000001	meanpool__esm2_t12_35M_UR50D
n32_h2_r18	32	2.0	18	pea	onehot	0.241379	0.081674	4.43	pea__onehot
n32_h2_r18	32	2.0	18	pea	esm2_t12_35M_UR50D	0.068966	0.012236	19.34	pea__esm2_t12_35M_UR50D
n32_h2_r18	32	2.0	18	msaresid_mafft	onehot	0.137931	0.036707	6.390000000000001	msaresid_mafft__onehot
n32_h2_r18	32	2.0	18	msaresid_mafft	esm2_t12_35M_UR50D	0.068966	0.05495	20.1	msaresid_mafft__esm2_t12_35M_UR50D
n32_h2_r18	32	2.0	18	msaresid_true	onehot	0.344828	0.181118	3.83	msaresid_true__onehot
n32_h2_r18	32	2.0	18	msaresid_true	esm2_t12_35M_UR50D	0.068966	0.05495	16.26	msaresid_true__esm2_t12_35M_UR50D
n32_h2_r18	32	2.0	18	ml	none	0.137931	0.018687	323.33	ml__none
n32_h2_r18	32	2.0	18	bionj	none	0.172414	0.163654	323.33	bionj__none
n32_h2_r18	32	2.0	18	kmer	none	0.344828	0.216212	1.12	kmer__none
n32_h2_r19	32	2.0	19	meanpool	onehot	0.655172	0.420078	2.67	meanpool__onehot
n32_h2_r19	32	2.0	19	meanpool	esm2_t12_35M_UR50D	0.62069	0.298888	17.34	meanpool__esm2_t12_35M_UR50D
n32_h2_r19	32	2.0	19	pea	onehot	0.310345	0.103587	3.7600000000000002	pea__onehot
n32_h2_r19	32	2.0	19	pea	esm2_t12_35M_UR50D	0.068966	0.04238	20.8	pea__esm2_t12_35M_UR50D
n32_h2_r19	32	2.0	19	msaresid_mafft	onehot	0.310345	0.138626	9.75	msaresid_mafft__onehot
n32_h2_r19	32	2.0	19	msaresid_mafft	esm2_t12_35M_UR50D	0.206897	0.055339	24.53	msaresid_mafft__esm2_t12_35M_UR50D
n32_h2_r19	32	2.0	19	msaresid_true	onehot	0.310345	0.128198	2.2800000000000002	msaresid_true__onehot
n32_h2_r19	32	2.0	19	msaresid_true	esm2_t12_35M_UR50D	0.172414	0.052697	17.44	msaresid_true__esm2_t12_35M_UR50D
n32_h2_r19	32	2.0	19	ml	none	0.448276	0.142603	311.81	ml__none
n32_h2_r19	32	2.0	19	bionj	none	0.413793	0.185178	311.81	bionj__none
n32_h2_r19	32	2.0	19	kmer	none	0.413793	0.305228	2.91	kmer__none
n32_h4_r0	32	4.0	0	meanpool	onehot	0.724138	0.434344	4.22	meanpool__onehot
n32_h4_r0	32	4.0	0	meanpool	esm2_t12_35M_UR50D	0.689655	0.318437	16.19	meanpool__esm2_t12_35M_UR50D
n32_h4_r0	32	4.0	0	pea	onehot	0.310345	0.125167	4.4	pea__onehot
n32_h4_r0	32	4.0	0	pea	esm2_t12_35M_UR50D	0.37931	0.176808	17.91	pea__esm2_t12_35M_UR50D
n32_h4_r0	32	4.0	0	msaresid_mafft	onehot	0.448276	0.27297	5.17	msaresid_mafft__onehot
n32_h4_r0	32	4.0	0	msaresid_mafft	esm2_t12_35M_UR50D	0.413793	0.390879	18.32	msaresid_mafft__esm2_t12_35M_UR50D
n32_h4_r0	32	4.0	0	msaresid_true	onehot	0.62069	0.443465	3.42	msaresid_true__onehot
n32_h4_r0	32	4.0	0	msaresid_true	esm2_t12_35M_UR50D	0.448276	0.22728	16.29	msaresid_true__esm2_t12_35M_UR50D
n32_h4_r0	32	4.0	0	ml	none	0.482759	0.436819	245.41	ml__none
n32_h4_r0	32	4.0	0	bionj	none	0.551724	0.404894	245.41	bionj__none
n32_h4_r0	32	4.0	0	kmer	none	0.448276	0.336318	0.84	kmer__none
n32_h4_r1	32	4.0	1	meanpool	onehot	0.793103	0.390295	4.029999999999999	meanpool__onehot
n32_h4_r1	32	4.0	1	meanpool	esm2_t12_35M_UR50D	0.724138	0.532898	20.25	meanpool__esm2_t12_35M_UR50D
n32_h4_r1	32	4.0	1	pea	onehot	0.482759	0.299472	4.23	pea__onehot
n32_h4_r1	32	4.0	1	pea	esm2_t12_35M_UR50D	0.482759	0.314349	22.55	pea__esm2_t12_35M_UR50D
n32_h4_r1	32	4.0	1	msaresid_mafft	onehot	0.517241	0.368826	7.18	msaresid_mafft__onehot
n32_h4_r1	32	4.0	1	msaresid_mafft	esm2_t12_35M_UR50D	0.517241	0.396162	24.93	msaresid_mafft__esm2_t12_35M_UR50D
n32_h4_r1	32	4.0	1	msaresid_true	onehot	0.448276	0.178921	2.4699999999999998	msaresid_true__onehot
n32_h4_r1	32	4.0	1	msaresid_true	esm2_t12_35M_UR50D	0.413793	0.185873	20.21	msaresid_true__esm2_t12_35M_UR50D
n32_h4_r1	32	4.0	1	ml	none	0.551724	0.40837	440.09	ml__none
n32_h4_r1	32	4.0	1	bionj	none	0.724138	0.402642	440.09	bionj__none
n32_h4_r1	32	4.0	1	kmer	none	0.586207	0.351001	0.67	kmer__none
n32_h4_r2	32	4.0	2	meanpool	onehot	0.793103	0.499055	1.69	meanpool__onehot
n32_h4_r2	32	4.0	2	meanpool	esm2_t12_35M_UR50D	0.827586	0.574027	20.12	meanpool__esm2_t12_35M_UR50D
n32_h4_r2	32	4.0	2	pea	onehot	0.689655	0.459872	4.0	pea__onehot
n32_h4_r2	32	4.0	2	pea	esm2_t12_35M_UR50D	0.586207	0.361012	22.27	pea__esm2_t12_35M_UR50D
n32_h4_r2	32	4.0	2	msaresid_mafft	onehot	0.655172	0.56802	3.7199999999999998	msaresid_mafft__onehot
n32_h4_r2	32	4.0	2	msaresid_mafft	esm2_t12_35M_UR50D	0.586207	0.480145	22.04	msaresid_mafft__esm2_t12_35M_UR50D
n32_h4_r2	32	4.0	2	msaresid_true	onehot	0.724138	0.507091	2.69	msaresid_true__onehot
n32_h4_r2	32	4.0	2	msaresid_true	esm2_t12_35M_UR50D	0.551724	0.349694	20.29	msaresid_true__esm2_t12_35M_UR50D
n32_h4_r2	32	4.0	2	ml	none	0.551724	0.506924	1361.73	ml__none
n32_h4_r2	32	4.0	2	bionj	none	0.689655	0.558426	1361.73	bionj__none
n32_h4_r2	32	4.0	2	kmer	none	0.689655	0.486207	0.97	kmer__none
n32_h4_r3	32	4.0	3	meanpool	onehot	0.793103	0.522136	3.35	meanpool__onehot
n32_h4_r3	32	4.0	3	meanpool	esm2_t12_35M_UR50D	0.862069	0.539155	23.849999999999998	meanpool__esm2_t12_35M_UR50D
n32_h4_r3	32	4.0	3	pea	onehot	0.310345	0.209566	4.04	pea__onehot
n32_h4_r3	32	4.0	3	pea	esm2_t12_35M_UR50D	0.206897	0.179004	25.52	pea__esm2_t12_35M_UR50D
n32_h4_r3	32	4.0	3	msaresid_mafft	onehot	0.37931	0.270161	5.0	msaresid_mafft__onehot
n32_h4_r3	32	4.0	3	msaresid_mafft	esm2_t12_35M_UR50D	0.206897	0.167241	26.5	msaresid_mafft__esm2_t12_35M_UR50D
n32_h4_r3	32	4.0	3	msaresid_true	onehot	0.344828	0.178393	2.3	msaresid_true__onehot
n32_h4_r3	32	4.0	3	msaresid_true	esm2_t12_35M_UR50D	0.103448	0.09302	25.58	msaresid_true__esm2_t12_35M_UR50D
n32_h4_r3	32	4.0	3	ml	none	0.551724	0.34035	399.70000000000005	ml__none
n32_h4_r3	32	4.0	3	bionj	none	0.482759	0.425306	399.70000000000005	bionj__none
n32_h4_r3	32	4.0	3	kmer	none	0.413793	0.272442	0.61	kmer__none
n32_h4_r4	32	4.0	4	meanpool	onehot	0.724138	0.455756	2.29	meanpool__onehot
n32_h4_r4	32	4.0	4	meanpool	esm2_t12_35M_UR50D	0.724138	0.571051	27.450000000000003	meanpool__esm2_t12_35M_UR50D
n32_h4_r4	32	4.0	4	pea	onehot	0.37931	0.231257	4.29	pea__onehot
n32_h4_r4	32	4.0	4	pea	esm2_t12_35M_UR50D	0.413793	0.250806	25.3	pea__esm2_t12_35M_UR50D
n32_h4_r4	32	4.0	4	msaresid_mafft	onehot	0.37931	0.261707	5.2	msaresid_mafft__onehot
n32_h4_r4	32	4.0	4	msaresid_mafft	esm2_t12_35M_UR50D	0.413793	0.257258	27.86	msaresid_mafft__esm2_t12_35M_UR50D
n32_h4_r4	32	4.0	4	msaresid_true	onehot	0.344828	0.127976	3.0900000000000003	msaresid_true__onehot
n32_h4_r4	32	4.0	4	msaresid_true	esm2_t12_35M_UR50D	0.344828	0.174472	25.28	msaresid_true__esm2_t12_35M_UR50D
n32_h4_r4	32	4.0	4	ml	none	0.517241	0.325667	387.78000000000003	ml__none
n32_h4_r4	32	4.0	4	bionj	none	0.413793	0.26624	387.78000000000003	bionj__none
n32_h4_r4	32	4.0	4	kmer	none	0.344828	0.196774	0.62	kmer__none
n32_h4_r5	32	4.0	5	meanpool	onehot	0.758621	0.449638	2.5300000000000002	meanpool__onehot
n32_h4_r5	32	4.0	5	meanpool	esm2_t12_35M_UR50D	0.724138	0.545022	17.11	meanpool__esm2_t12_35M_UR50D
n32_h4_r5	32	4.0	5	pea	onehot	0.344828	0.267714	4.1899999999999995	pea__onehot
n32_h4_r5	32	4.0	5	pea	esm2_t12_35M_UR50D	0.37931	0.276557	19.16	pea__esm2_t12_35M_UR50D
n32_h4_r5	32	4.0	5	msaresid_mafft	onehot	0.413793	0.266741	5.15	msaresid_mafft__onehot
n32_h4_r5	32	4.0	5	msaresid_mafft	esm2_t12_35M_UR50D	0.310345	0.244522	19.94	msaresid_mafft__esm2_t12_35M_UR50D
n32_h4_r5	32	4.0	5	msaresid_true	onehot	0.241379	0.125723	2.36	msaresid_true__onehot
n32_h4_r5	32	4.0	5	msaresid_true	esm2_t12_35M_UR50D	0.241379	0.19391	17.419999999999998	msaresid_true__esm2_t12_35M_UR50D
n32_h4_r5	32	4.0	5	ml	none	0.448276	0.231368	279.19	ml__none
n32_h4_r5	32	4.0	5	bionj	none	0.586207	0.255729	279.19	bionj__none
n32_h4_r5	32	4.0	5	kmer	none	0.482759	0.371913	0.58	kmer__none
n32_h4_r6	32	4.0	6	meanpool	onehot	0.689655	0.489989	4.82	meanpool__onehot
n32_h4_r6	32	4.0	6	meanpool	esm2_t12_35M_UR50D	0.827586	0.548943	16.830000000000002	meanpool__esm2_t12_35M_UR50D
n32_h4_r6	32	4.0	6	pea	onehot	0.344828	0.066073	6.26	pea__onehot
n32_h4_r6	32	4.0	6	pea	esm2_t12_35M_UR50D	0.517241	0.295467	19.21	pea__esm2_t12_35M_UR50D
n32_h4_r6	32	4.0	6	msaresid_mafft	onehot	0.551724	0.281118	5.699999999999999	msaresid_mafft__onehot
n32_h4_r6	32	4.0	6	msaresid_mafft	esm2_t12_35M_UR50D	0.517241	0.291518	20.46	msaresid_mafft__esm2_t12_35M_UR50D
n32_h4_r6	32	4.0	6	msaresid_true	onehot	0.517241	0.261263	2.12	msaresid_true__onehot
n32_h4_r6	32	4.0	6	msaresid_true	esm2_t12_35M_UR50D	0.37931	0.089739	17.240000000000002	msaresid_true__esm2_t12_35M_UR50D
n32_h4_r6	32	4.0	6	ml	none	0.448276	0.299416	482.2	ml__none
n32_h4_r6	32	4.0	6	bionj	none	0.62069	0.264099	482.2	bionj__none
n32_h4_r6	32	4.0	6	kmer	none	0.517241	0.351418	1.54	kmer__none
n32_h4_r7	32	4.0	7	meanpool	onehot	0.896552	0.474305	3.0100000000000002	meanpool__onehot
n32_h4_r7	32	4.0	7	meanpool	esm2_t12_35M_UR50D	0.655172	0.297942	26.22	meanpool__esm2_t12_35M_UR50D
n32_h4_r7	32	4.0	7	pea	onehot	0.413793	0.077892	3.0	pea__onehot
n32_h4_r7	32	4.0	7	pea	esm2_t12_35M_UR50D	0.344828	0.157202	32.15	pea__esm2_t12_35M_UR50D
n32_h4_r7	32	4.0	7	msaresid_mafft	onehot	0.689655	0.291491	6.2	msaresid_mafft__onehot
n32_h4_r7	32	4.0	7	msaresid_mafft	esm2_t12_35M_UR50D	0.344828	0.093743	29.369999999999997	msaresid_mafft__esm2_t12_35M_UR50D
n32_h4_r7	32	4.0	7	msaresid_true	onehot	0.655172	0.425918	2.48	msaresid_true__onehot
n32_h4_r7	32	4.0	7	msaresid_true	esm2_t12_35M_UR50D	0.275862	0.093632	26.13	msaresid_true__esm2_t12_35M_UR50D
n32_h4_r7	32	4.0	7	ml	none	0.62069	0.316518	341.22	ml__none
n32_h4_r7	32	4.0	7	bionj	none	0.62069	0.389488	341.22	bionj__none
n32_h4_r7	32	4.0	7	kmer	none	0.482759	0.302475	1.02	kmer__none
n32_h4_r8	32	4.0	8	meanpool	onehot	0.758621	0.524778	1.61	meanpool__onehot
n32_h4_r8	32	4.0	8	meanpool	esm2_t12_35M_UR50D	0.827586	0.53832	18.0	meanpool__esm2_t12_35M_UR50D
n32_h4_r8	32	4.0	8	pea	onehot	0.344828	0.203309	3.9200000000000004	pea__onehot
n32_h4_r8	32	4.0	8	pea	esm2_t12_35M_UR50D	0.37931	0.39327	19.93	pea__esm2_t12_35M_UR50D
n32_h4_r8	32	4.0	8	msaresid_mafft	onehot	0.482759	0.254227	5.63	msaresid_mafft__onehot
n32_h4_r8	32	4.0	8	msaresid_mafft	esm2_t12_35M_UR50D	0.482759	0.377475	20.4	msaresid_mafft__esm2_t12_35M_UR50D
n32_h4_r8	32	4.0	8	msaresid_true	onehot	0.482759	0.370133	2.73	msaresid_true__onehot
n32_h4_r8	32	4.0	8	msaresid_true	esm2_t12_35M_UR50D	0.241379	0.107508	18.560000000000002	msaresid_true__esm2_t12_35M_UR50D
n32_h4_r8	32	4.0	8	ml	none	0.62069	0.386123	189.16	ml__none
n32_h4_r8	32	4.0	8	bionj	none	0.517241	0.412736	189.16	bionj__none
n32_h4_r8	32	4.0	8	kmer	none	0.517241	0.408009	0.79	kmer__none
n32_h4_r9	32	4.0	9	meanpool	onehot	0.724138	0.429505	2.96	meanpool__onehot
n32_h4_r9	32	4.0	9	meanpool	esm2_t12_35M_UR50D	0.793103	0.594216	18.57	meanpool__esm2_t12_35M_UR50D
n32_h4_r9	32	4.0	9	pea	onehot	0.310345	0.305367	6.970000000000001	pea__onehot
n32_h4_r9	32	4.0	9	pea	esm2_t12_35M_UR50D	0.37931	0.210929	21.43	pea__esm2_t12_35M_UR50D
n32_h4_r9	32	4.0	9	msaresid_mafft	onehot	0.344828	0.318409	11.86	msaresid_mafft__onehot
n32_h4_r9	32	4.0	9	msaresid_mafft	esm2_t12_35M_UR50D	0.37931	0.363932	27.94	msaresid_mafft__esm2_t12_35M_UR50D
n32_h4_r9	32	4.0	9	msaresid_true	onehot	0.310345	0.249889	2.81	msaresid_true__onehot
n32_h4_r9	32	4.0	9	msaresid_true	esm2_t12_35M_UR50D	0.241379	0.209066	18.689999999999998	msaresid_true__esm2_t12_35M_UR50D
n32_h4_r9	32	4.0	9	ml	none	0.37931	0.405395	585.62	ml__none
n32_h4_r9	32	4.0	9	bionj	none	0.344828	0.267464	585.62	bionj__none
n32_h4_r9	32	4.0	9	kmer	none	0.310345	0.407703	0.76	kmer__none
n32_h4_r10	32	4.0	10	meanpool	onehot	0.724138	0.564905	5.43	meanpool__onehot
n32_h4_r10	32	4.0	10	meanpool	esm2_t12_35M_UR50D	0.724138	0.602475	18.55	meanpool__esm2_t12_35M_UR50D
n32_h4_r10	32	4.0	10	pea	onehot	0.413793	0.141824	5.58	pea__onehot
n32_h4_r10	32	4.0	10	pea	esm2_t12_35M_UR50D	0.482759	0.274138	21.27	pea__esm2_t12_35M_UR50D
n32_h4_r10	32	4.0	10	msaresid_mafft	onehot	0.482759	0.431785	7.91	msaresid_mafft__onehot
n32_h4_r10	32	4.0	10	msaresid_mafft	esm2_t12_35M_UR50D	0.413793	0.341657	21.36	msaresid_mafft__esm2_t12_35M_UR50D
n32_h4_r10	32	4.0	10	msaresid_true	onehot	0.448276	0.289989	4.8	msaresid_true__onehot
n32_h4_r10	32	4.0	10	msaresid_true	esm2_t12_35M_UR50D	0.275862	0.138515	18.23	msaresid_true__esm2_t12_35M_UR50D
n32_h4_r10	32	4.0	10	ml	none	0.655172	0.487764	916.27	ml__none
n32_h4_r10	32	4.0	10	bionj	none	0.551724	0.378476	916.27	bionj__none
n32_h4_r10	32	4.0	10	kmer	none	0.551724	0.352419	0.61	kmer__none
n32_h4_r11	32	4.0	11	meanpool	onehot	0.896552	0.608482	2.69	meanpool__onehot
n32_h4_r11	32	4.0	11	meanpool	esm2_t12_35M_UR50D	0.896552	0.547303	20.25	meanpool__esm2_t12_35M_UR50D
n32_h4_r11	32	4.0	11	pea	onehot	0.551724	0.523554	3.1799999999999997	pea__onehot
n32_h4_r11	32	4.0	11	pea	esm2_t12_35M_UR50D	0.586207	0.430284	23.71	pea__esm2_t12_35M_UR50D
n32_h4_r11	32	4.0	11	msaresid_mafft	onehot	0.62069	0.466212	8.2	msaresid_mafft__onehot
n32_h4_r11	32	4.0	11	msaresid_mafft	esm2_t12_35M_UR50D	0.586207	0.535067	26.01	msaresid_mafft__esm2_t12_35M_UR50D
n32_h4_r11	32	4.0	11	msaresid_true	onehot	0.793103	0.414321	2.26	msaresid_true__onehot
n32_h4_r11	32	4.0	11	msaresid_true	esm2_t12_35M_UR50D	0.62069	0.417047	20.41	msaresid_true__esm2_t12_35M_UR50D
n32_h4_r11	32	4.0	11	ml	none	0.724138	0.533537	1193.37	ml__none
n32_h4_r11	32	4.0	11	bionj	none	0.689655	0.519438	1193.37	bionj__none
n32_h4_r11	32	4.0	11	kmer	none	0.689655	0.527225	1.4	kmer__none
n32_h4_r12	32	4.0	12	meanpool	onehot	0.655172	0.317075	2.48	meanpool__onehot
n32_h4_r12	32	4.0	12	meanpool	esm2_t12_35M_UR50D	0.689655	0.452753	14.55	meanpool__esm2_t12_35M_UR50D
n32_h4_r12	32	4.0	12	pea	onehot	0.241379	0.180256	4.359999999999999	pea__onehot
n32_h4_r12	32	4.0	12	pea	esm2_t12_35M_UR50D	0.275862	0.197942	16.48	pea__esm2_t12_35M_UR50D
n32_h4_r12	32	4.0	12	msaresid_mafft	onehot	0.172414	0.017992	6.18	msaresid_mafft__onehot
n32_h4_r12	32	4.0	12	msaresid_mafft	esm2_t12_35M_UR50D	0.310345	0.17906	17.64	msaresid_mafft__esm2_t12_35M_UR50D
n32_h4_r12	32	4.0	12	msaresid_true	onehot	0.517241	0.423971	5.470000000000001	msaresid_true__onehot
n32_h4_r12	32	4.0	12	msaresid_true	esm2_t12_35M_UR50D	0.241379	0.03757	14.65	msaresid_true__esm2_t12_35M_UR50D
n32_h4_r12	32	4.0	12	ml	none	0.310345	0.166574	320.25	ml__none
n32_h4_r12	32	4.0	12	bionj	none	0.37931	0.168715	320.25	bionj__none
n32_h4_r12	32	4.0	12	kmer	none	0.310345	0.092964	0.75	kmer__none
n32_h4_r13	32	4.0	13	meanpool	onehot	0.862069	0.564266	3.27	meanpool__onehot
n32_h4_r13	32	4.0	13	meanpool	esm2_t12_35M_UR50D	0.827586	0.578726	25.0	meanpool__esm2_t12_35M_UR50D
n32_h4_r13	32	4.0	13	pea	onehot	0.517241	0.424611	8.14	pea__onehot
n32_h4_r13	32	4.0	13	pea	esm2_t12_35M_UR50D	0.586207	0.46396	27.17	pea__esm2_t12_35M_UR50D
n32_h4_r13	32	4.0	13	msaresid_mafft	onehot	0.551724	0.327753	5.970000000000001	msaresid_mafft__onehot
n32_h4_r13	32	4.0	13	msaresid_mafft	esm2_t12_35M_UR50D	0.517241	0.362264	28.21	msaresid_mafft__esm2_t12_35M_UR50D
n32_h4_r13	32	4.0	13	msaresid_true	onehot	0.689655	0.339989	2.5700000000000003	msaresid_true__onehot
n32_h4_r13	32	4.0	13	msaresid_true	esm2_t12_35M_UR50D	0.586207	0.316657	26.67	msaresid_true__esm2_t12_35M_UR50D
n32_h4_r13	32	4.0	13	ml	none	0.517241	0.458843	339.62	ml__none
n32_h4_r13	32	4.0	13	bionj	none	0.62069	0.344689	339.62	bionj__none
n32_h4_r13	32	4.0	13	kmer	none	0.517241	0.440962	0.9	kmer__none
n32_h4_r14	32	4.0	14	meanpool	onehot	0.724138	0.482286	1.87	meanpool__onehot
n32_h4_r14	32	4.0	14	meanpool	esm2_t12_35M_UR50D	0.793103	0.479143	22.22	meanpool__esm2_t12_35M_UR50D
n32_h4_r14	32	4.0	14	pea	onehot	0.310345	0.136485	3.44	pea__onehot
n32_h4_r14	32	4.0	14	pea	esm2_t12_35M_UR50D	0.37931	0.19886	24.2	pea__esm2_t12_35M_UR50D
n32_h4_r14	32	4.0	14	msaresid_mafft	onehot	0.344828	0.172775	6.91	msaresid_mafft__onehot
n32_h4_r14	32	4.0	14	msaresid_mafft	esm2_t12_35M_UR50D	0.344828	0.139099	24.529999999999998	msaresid_mafft__esm2_t12_35M_UR50D
n32_h4_r14	32	4.0	14	msaresid_true	onehot	0.37931	0.212208	2.23	msaresid_true__onehot
n32_h4_r14	32	4.0	14	msaresid_true	esm2_t12_35M_UR50D	0.275862	0.078893	22.4	msaresid_true__esm2_t12_35M_UR50D
n32_h4_r14	32	4.0	14	ml	none	0.344828	0.201418	416.09	ml__none
n32_h4_r14	32	4.0	14	bionj	none	0.413793	0.198554	416.09	bionj__none
n32_h4_r14	32	4.0	14	kmer	none	0.344828	0.183788	0.67	kmer__none
n32_h4_r15	32	4.0	15	meanpool	onehot	0.724138	0.45495	1.55	meanpool__onehot
n32_h4_r15	32	4.0	15	meanpool	esm2_t12_35M_UR50D	0.62069	0.395078	24.7	meanpool__esm2_t12_35M_UR50D
n32_h4_r15	32	4.0	15	pea	onehot	0.275862	0.284677	2.82	pea__onehot
n32_h4_r15	32	4.0	15	pea	esm2_t12_35M_UR50D	0.448276	0.375751	26.62	pea__esm2_t12_35M_UR50D
n32_h4_r15	32	4.0	15	msaresid_mafft	onehot	0.413793	0.378532	4.17	msaresid_mafft__onehot
n32_h4_r15	32	4.0	15	msaresid_mafft	esm2_t12_35M_UR50D	0.517241	0.342881	27.77	msaresid_mafft__esm2_t12_35M_UR50D
n32_h4_r15	32	4.0	15	msaresid_true	onehot	0.655172	0.330534	1.56	msaresid_true__onehot
n32_h4_r15	32	4.0	15	msaresid_true	esm2_t12_35M_UR50D	0.310345	0.265211	24.93	msaresid_true__esm2_t12_35M_UR50D
n32_h4_r15	32	4.0	15	ml	none	0.586207	0.385456	398.55	ml__none
n32_h4_r15	32	4.0	15	bionj	none	0.62069	0.397136	398.55	bionj__none
n32_h4_r15	32	4.0	15	kmer	none	0.413793	0.406368	0.79	kmer__none
n32_h4_r16	32	4.0	16	meanpool	onehot	0.758621	0.367436	2.32	meanpool__onehot
n32_h4_r16	32	4.0	16	meanpool	esm2_t12_35M_UR50D	0.758621	0.57856	23.29	meanpool__esm2_t12_35M_UR50D
n32_h4_r16	32	4.0	16	pea	onehot	0.310345	0.248888	4.91	pea__onehot
n32_h4_r16	32	4.0	16	pea	esm2_t12_35M_UR50D	0.344828	0.251446	25.759999999999998	pea__esm2_t12_35M_UR50D
n32_h4_r16	32	4.0	16	msaresid_mafft	onehot	0.413793	0.302697	8.1	msaresid_mafft__onehot
n32_h4_r16	32	4.0	16	msaresid_mafft	esm2_t12_35M_UR50D	0.310345	0.288376	28.97	msaresid_mafft__esm2_t12_35M_UR50D
n32_h4_r16	32	4.0	16	msaresid_true	onehot	0.517241	0.460484	3.3899999999999997	msaresid_true__onehot
n32_h4_r16	32	4.0	16	msaresid_true	esm2_t12_35M_UR50D	0.172414	0.163126	23.5	msaresid_true__esm2_t12_35M_UR50D
n32_h4_r16	32	4.0	16	ml	none	0.482759	0.274333	371.45	ml__none
n32_h4_r16	32	4.0	16	bionj	none	0.482759	0.283982	371.45	bionj__none
n32_h4_r16	32	4.0	16	kmer	none	0.310345	0.261429	0.73	kmer__none
n32_h4_r17	32	4.0	17	meanpool	onehot	0.758621	0.521663	4.73	meanpool__onehot
n32_h4_r17	32	4.0	17	meanpool	esm2_t12_35M_UR50D	0.689655	0.46282	18.46	meanpool__esm2_t12_35M_UR50D
n32_h4_r17	32	4.0	17	pea	onehot	0.517241	0.429394	4.74	pea__onehot
n32_h4_r17	32	4.0	17	pea	esm2_t12_35M_UR50D	0.482759	0.389488	20.48	pea__esm2_t12_35M_UR50D
n32_h4_r17	32	4.0	17	msaresid_mafft	onehot	0.448276	0.366602	4.83	msaresid_mafft__onehot
n32_h4_r17	32	4.0	17	msaresid_mafft	esm2_t12_35M_UR50D	0.517241	0.435984	20.98	msaresid_mafft__esm2_t12_35M_UR50D
n32_h4_r17	32	4.0	17	msaresid_true	onehot	0.586207	0.406563	2.69	msaresid_true__onehot
n32_h4_r17	32	4.0	17	msaresid_true	esm2_t12_35M_UR50D	0.482759	0.415962	18.76	msaresid_true__esm2_t12_35M_UR50D
n32_h4_r17	32	4.0	17	ml	none	0.62069	0.470801	575.64	ml__none
n32_h4_r17	32	4.0	17	bionj	none	0.517241	0.475751	575.64	bionj__none
n32_h4_r17	32	4.0	17	kmer	none	0.517241	0.288154	0.92	kmer__none
n32_h4_r18	32	4.0	18	meanpool	onehot	0.689655	0.359344	3.62	meanpool__onehot
n32_h4_r18	32	4.0	18	meanpool	esm2_t12_35M_UR50D	0.62069	0.31574	21.65	meanpool__esm2_t12_35M_UR50D
n32_h4_r18	32	4.0	18	pea	onehot	0.241379	0.022887	5.08	pea__onehot
n32_h4_r18	32	4.0	18	pea	esm2_t12_35M_UR50D	0.275862	0.282842	25.06	pea__esm2_t12_35M_UR50D
n32_h4_r18	32	4.0	18	msaresid_mafft	onehot	0.206897	0.020328	6.52	msaresid_mafft__onehot
n32_h4_r18	32	4.0	18	msaresid_mafft	esm2_t12_35M_UR50D	0.172414	0.033315	25.17	msaresid_mafft__esm2_t12_35M_UR50D
n32_h4_r18	32	4.0	18	msaresid_true	onehot	0.310345	0.09302	4.45	msaresid_true__onehot
n32_h4_r18	32	4.0	18	msaresid_true	esm2_t12_35M_UR50D	0.172414	0.020273	21.73	msaresid_true__esm2_t12_35M_UR50D
n32_h4_r18	32	4.0	18	ml	none	0.275862	0.032814	315.83	ml__none
n32_h4_r18	32	4.0	18	bionj	none	0.482759	0.143576	315.83	bionj__none
n32_h4_r18	32	4.0	18	kmer	none	0.413793	0.276112	0.7	kmer__none
n32_h4_r19	32	4.0	19	meanpool	onehot	0.62069	0.432786	1.98	meanpool__onehot
n32_h4_r19	32	4.0	19	meanpool	esm2_t12_35M_UR50D	0.62069	0.484511	17.79	meanpool__esm2_t12_35M_UR50D
n32_h4_r19	32	4.0	19	pea	onehot	0.206897	0.221051	5.91	pea__onehot
n32_h4_r19	32	4.0	19	pea	esm2_t12_35M_UR50D	0.310345	0.252253	20.43	pea__esm2_t12_35M_UR50D
n32_h4_r19	32	4.0	19	msaresid_mafft	onehot	0.275862	0.136235	6.02	msaresid_mafft__onehot
n32_h4_r19	32	4.0	19	msaresid_mafft	esm2_t12_35M_UR50D	0.310345	0.249972	21.66	msaresid_mafft__esm2_t12_35M_UR50D
n32_h4_r19	32	4.0	19	msaresid_true	onehot	0.344828	0.257341	3.11	msaresid_true__onehot
n32_h4_r19	32	4.0	19	msaresid_true	esm2_t12_35M_UR50D	0.310345	0.256813	17.98	msaresid_true__esm2_t12_35M_UR50D
n32_h4_r19	32	4.0	19	ml	none	0.586207	0.256702	407.13	ml__none
n32_h4_r19	32	4.0	19	bionj	none	0.448276	0.229394	407.13	bionj__none
n32_h4_r19	32	4.0	19	kmer	none	0.310345	0.249333	0.72	kmer__none
